Дата;Регион;Значение
2019-01-01;Россия;16.30
2019-01-01;Адыгея;39.46
2019-01-01;Алтай;25.19
2019-01-01;Алтайский край;13.25
2019-01-01;Амурская область;42.18
2019-01-01;Архангельская область;1.22
2019-01-01;Астраханская область;10.61
2019-01-01;Белгородская область;10.59
2019-01-01;Брянская область;0.01
2019-01-01;Владимирская область;18.10
2019-01-01;Волгоградская область;3.41
2019-01-01;Вологодская область;11.95
2019-01-01;Воронежская область;6.05
2019-01-01;Еврейская автономная область;5.35
2019-01-01;Забайкальский край;-3.17
2019-01-01;Ивановская область;19.61
2019-01-01;Иркутская область;5.62
2019-01-01;Кабардино-Балкарская Республика;11.99
2019-01-01;Калининградская область;35.22
2019-01-01;Калужская область;22.80
2019-01-01;Камчатский край;-1.10
2019-01-01;Кемеровская область;9.06
2019-01-01;Кировская область;18.39
2019-01-01;Костромская область;22.09
2019-01-01;Краснодарский край;27.36
2019-01-01;Красноярский край;13.14
2019-01-01;Курганская область;16.10
2019-01-01;Курская область;7.66
2019-01-01;Ленинградская область;17.79
2019-01-01;Липецкая область;8.36
2019-01-01;Магаданская область;-7.56
2019-01-01;Мордовия;15.02
2019-01-01;Москва;29.18
2019-01-01;Московская область;29.18
2019-01-01;Мурманская область;-3.92
2019-01-01;Нижегородская область;9.65
2019-01-01;Новгородская область;3.20
2019-01-01;Новосибирская область;18.12
2019-01-01;Омская область;8.52
2019-01-01;Оренбургская область;-5.95
2019-01-01;Орловская область;12.84
2019-01-01;Пензенская область;9.99
2019-01-01;Пермский край;7.15
2019-01-01;Приморский край;14.85
2019-01-01;Псковская область;12.61
2019-01-01;Республика Башкортостан;13.34
2019-01-01;Республика Бурятия;-17.55
2019-01-01;Республика Дагестан;2.98
2019-01-01;Республика Ингушетия;61.00
2019-01-01;Республика Калмыкия;12.37
2019-01-01;Республика Карачаево-Черкессия;51.29
2019-01-01;Республика Карелия;17.22
2019-01-01;Республика Коми;1.88
2019-01-01;Республика Марий Эл;21.24
2019-01-01;Республика Саха (Якутия);15.02
2019-01-01;Республика Северная Осетия-Алания;14.50
2019-01-01;Республика Татарстан;19.76
2019-01-01;Республика Тыва;0.66
2019-01-01;Республика Хакасия;8.27
2019-01-01;Ростовская область;8.76
2019-01-01;Рязанская область;21.01
2019-01-01;Самарская область;7.21
2019-01-01;Санкт-Петербург;17.79
2019-01-01;Саратовская область;-4.67
2019-01-01;Сахалинская область;-9.73
2019-01-01;Свердловская область;12.42
2019-01-01;Смоленская область;6.32
2019-01-01;Ставропольский край;11.42
2019-01-01;Тамбовская область;11.64
2019-01-01;Тверская область;12.90
2019-01-01;Томская область;14.02
2019-01-01;Тульская область;7.88
2019-01-01;Тюменская область;7.11
2019-01-01;Удмуртская Республика;9.03
2019-01-01;Ульяновская область;12.72
2019-01-01;Хабаровский край;10.59
2019-01-01;Ханты-Мансийский АО - Югра;7.11
2019-01-01;Челябинская область;11.20
2019-01-01;Чеченская Республика;41.11
2019-01-01;Чувашская Республика;30.00
2019-01-01;Чукотский АО;-11.75
2019-01-01;Ямало-Ненецкий АО;7.11
2019-01-01;Ярославская область;24.10
2019-02-01;Россия;20.83
2019-02-01;Адыгея;34.70
2019-02-01;Алтай;9.60
2019-02-01;Алтайский край;11.73
2019-02-01;Амурская область;35.28
2019-02-01;Архангельская область;10.91
2019-02-01;Астраханская область;13.51
2019-02-01;Белгородская область;14.02
2019-02-01;Брянская область;-3.08
2019-02-01;Владимирская область;13.40
2019-02-01;Волгоградская область;9.83
2019-02-01;Вологодская область;19.75
2019-02-01;Воронежская область;22.92
2019-02-01;Еврейская автономная область;17.90
2019-02-01;Забайкальский край;6.14
2019-02-01;Ивановская область;29.09
2019-02-01;Иркутская область;8.44
2019-02-01;Кабардино-Балкарская Республика;12.40
2019-02-01;Калининградская область;30.27
2019-02-01;Калужская область;20.49
2019-02-01;Камчатский край;10.83
2019-02-01;Кемеровская область;-3.91
2019-02-01;Кировская область;22.04
2019-02-01;Костромская область;15.95
2019-02-01;Краснодарский край;27.90
2019-02-01;Красноярский край;19.59
2019-02-01;Курганская область;23.79
2019-02-01;Курская область;15.48
2019-02-01;Ленинградская область;23.63
2019-02-01;Липецкая область;16.03
2019-02-01;Магаданская область;0.23
2019-02-01;Мордовия;14.82
2019-02-01;Москва;37.22
2019-02-01;Московская область;37.22
2019-02-01;Мурманская область;3.87
2019-02-01;Нижегородская область;15.55
2019-02-01;Новгородская область;-4.90
2019-02-01;Новосибирская область;14.98
2019-02-01;Омская область;26.62
2019-02-01;Оренбургская область;-1.90
2019-02-01;Орловская область;9.58
2019-02-01;Пензенская область;23.92
2019-02-01;Пермский край;12.43
2019-02-01;Приморский край;19.08
2019-02-01;Псковская область;22.37
2019-02-01;Республика Башкортостан;11.05
2019-02-01;Республика Бурятия;-5.83
2019-02-01;Республика Дагестан;24.55
2019-02-01;Республика Ингушетия;97.28
2019-02-01;Республика Калмыкия;26.07
2019-02-01;Республика Карачаево-Черкессия;56.31
2019-02-01;Республика Карелия;16.53
2019-02-01;Республика Коми;2.91
2019-02-01;Республика Марий Эл;32.78
2019-02-01;Республика Саха (Якутия);16.77
2019-02-01;Республика Северная Осетия-Алания;41.80
2019-02-01;Республика Татарстан;25.78
2019-02-01;Республика Тыва;2.09
2019-02-01;Республика Хакасия;7.83
2019-02-01;Ростовская область;18.39
2019-02-01;Рязанская область;33.69
2019-02-01;Самарская область;15.83
2019-02-01;Санкт-Петербург;23.63
2019-02-01;Саратовская область;-9.50
2019-02-01;Сахалинская область;-12.20
2019-02-01;Свердловская область;17.93
2019-02-01;Смоленская область;8.31
2019-02-01;Ставропольский край;20.14
2019-02-01;Тамбовская область;18.53
2019-02-01;Тверская область;12.09
2019-02-01;Томская область;6.31
2019-02-01;Тульская область;7.78
2019-02-01;Тюменская область;10.47
2019-02-01;Удмуртская Республика;10.60
2019-02-01;Ульяновская область;17.22
2019-02-01;Хабаровский край;8.11
2019-02-01;Ханты-Мансийский АО - Югра;10.47
2019-02-01;Челябинская область;10.90
2019-02-01;Чеченская Республика;39.62
2019-02-01;Чувашская Республика;21.72
2019-02-01;Чукотский АО;-15.67
2019-02-01;Ямало-Ненецкий АО;10.47
2019-02-01;Ярославская область;36.24
2019-03-01;Россия;22.21
2019-03-01;Адыгея;35.07
2019-03-01;Алтай;27.00
2019-03-01;Алтайский край;17.54
2019-03-01;Амурская область;27.43
2019-03-01;Архангельская область;13.20
2019-03-01;Астраханская область;14.39
2019-03-01;Белгородская область;20.37
2019-03-01;Брянская область;-2.05
2019-03-01;Владимирская область;18.75
2019-03-01;Волгоградская область;12.38
2019-03-01;Вологодская область;20.32
2019-03-01;Воронежская область;29.94
2019-03-01;Еврейская автономная область;15.52
2019-03-01;Забайкальский край;5.22
2019-03-01;Ивановская область;27.53
2019-03-01;Иркутская область;16.72
2019-03-01;Кабардино-Балкарская Республика;10.33
2019-03-01;Калининградская область;38.50
2019-03-01;Калужская область;22.59
2019-03-01;Камчатский край;3.72
2019-03-01;Кемеровская область;12.95
2019-03-01;Кировская область;27.14
2019-03-01;Костромская область;21.88
2019-03-01;Краснодарский край;33.88
2019-03-01;Красноярский край;29.69
2019-03-01;Курганская область;30.86
2019-03-01;Курская область;25.89
2019-03-01;Ленинградская область;23.77
2019-03-01;Липецкая область;22.52
2019-03-01;Магаданская область;-0.35
2019-03-01;Мордовия;27.05
2019-03-01;Москва;29.63
2019-03-01;Московская область;29.63
2019-03-01;Мурманская область;-2.25
2019-03-01;Нижегородская область;16.65
2019-03-01;Новгородская область;-2.21
2019-03-01;Новосибирская область;25.37
2019-03-01;Омская область;24.07
2019-03-01;Оренбургская область;11.53
2019-03-01;Орловская область;9.94
2019-03-01;Пензенская область;25.52
2019-03-01;Пермский край;18.20
2019-03-01;Приморский край;26.06
2019-03-01;Псковская область;27.18
2019-03-01;Республика Башкортостан;5.71
2019-03-01;Республика Бурятия;21.90
2019-03-01;Республика Дагестан;17.98
2019-03-01;Республика Ингушетия;107.73
2019-03-01;Республика Калмыкия;30.64
2019-03-01;Республика Карачаево-Черкессия;62.07
2019-03-01;Республика Карелия;15.39
2019-03-01;Республика Коми;9.23
2019-03-01;Республика Марий Эл;28.42
2019-03-01;Республика Саха (Якутия);30.02
2019-03-01;Республика Северная Осетия-Алания;46.92
2019-03-01;Республика Татарстан;19.23
2019-03-01;Республика Тыва;26.60
2019-03-01;Республика Хакасия;25.22
2019-03-01;Ростовская область;16.53
2019-03-01;Рязанская область;33.92
2019-03-01;Самарская область;13.09
2019-03-01;Санкт-Петербург;23.77
2019-03-01;Саратовская область;6.34
2019-03-01;Сахалинская область;-15.71
2019-03-01;Свердловская область;26.07
2019-03-01;Смоленская область;11.65
2019-03-01;Ставропольский край;21.56
2019-03-01;Тамбовская область;18.09
2019-03-01;Тверская область;19.57
2019-03-01;Томская область;20.44
2019-03-01;Тульская область;10.87
2019-03-01;Тюменская область;10.86
2019-03-01;Удмуртская Республика;13.35
2019-03-01;Ульяновская область;21.60
2019-03-01;Хабаровский край;12.37
2019-03-01;Ханты-Мансийский АО - Югра;10.86
2019-03-01;Челябинская область;10.49
2019-03-01;Чеченская Республика;53.36
2019-03-01;Чувашская Республика;34.13
2019-03-01;Чукотский АО;-15.51
2019-03-01;Ямало-Ненецкий АО;10.86
2019-03-01;Ярославская область;28.27
2019-04-01;Россия;20.21
2019-04-01;Адыгея;32.92
2019-04-01;Алтай;10.50
2019-04-01;Алтайский край;13.49
2019-04-01;Амурская область;22.11
2019-04-01;Архангельская область;25.49
2019-04-01;Астраханская область;6.73
2019-04-01;Белгородская область;17.94
2019-04-01;Брянская область;-9.81
2019-04-01;Владимирская область;24.94
2019-04-01;Волгоградская область;9.19
2019-04-01;Вологодская область;10.16
2019-04-01;Воронежская область;26.07
2019-04-01;Еврейская автономная область;15.04
2019-04-01;Забайкальский край;11.41
2019-04-01;Ивановская область;23.97
2019-04-01;Иркутская область;7.49
2019-04-01;Кабардино-Балкарская Республика;35.56
2019-04-01;Калининградская область;41.23
2019-04-01;Калужская область;27.32
2019-04-01;Камчатский край;6.83
2019-04-01;Кемеровская область;11.12
2019-04-01;Кировская область;34.10
2019-04-01;Костромская область;23.72
2019-04-01;Краснодарский край;35.02
2019-04-01;Красноярский край;14.34
2019-04-01;Курганская область;31.22
2019-04-01;Курская область;11.49
2019-04-01;Ленинградская область;20.67
2019-04-01;Липецкая область;17.24
2019-04-01;Магаданская область;-4.51
2019-04-01;Мордовия;8.80
2019-04-01;Москва;22.73
2019-04-01;Московская область;22.73
2019-04-01;Мурманская область;1.10
2019-04-01;Нижегородская область;15.70
2019-04-01;Новгородская область;-2.20
2019-04-01;Новосибирская область;27.27
2019-04-01;Омская область;21.41
2019-04-01;Оренбургская область;8.92
2019-04-01;Орловская область;5.94
2019-04-01;Пензенская область;27.70
2019-04-01;Пермский край;15.52
2019-04-01;Приморский край;12.49
2019-04-01;Псковская область;17.20
2019-04-01;Республика Башкортостан;7.96
2019-04-01;Республика Бурятия;16.60
2019-04-01;Республика Дагестан;11.75
2019-04-01;Республика Ингушетия;68.42
2019-04-01;Республика Калмыкия;23.83
2019-04-01;Республика Карачаево-Черкессия;36.04
2019-04-01;Республика Карелия;12.11
2019-04-01;Республика Коми;7.75
2019-04-01;Республика Марий Эл;32.78
2019-04-01;Республика Саха (Якутия);26.35
2019-04-01;Республика Северная Осетия-Алания;50.68
2019-04-01;Республика Татарстан;18.82
2019-04-01;Республика Тыва;8.57
2019-04-01;Республика Хакасия;21.30
2019-04-01;Ростовская область;20.74
2019-04-01;Рязанская область;29.48
2019-04-01;Самарская область;16.02
2019-04-01;Санкт-Петербург;20.67
2019-04-01;Саратовская область;17.58
2019-04-01;Сахалинская область;12.83
2019-04-01;Свердловская область;18.50
2019-04-01;Смоленская область;9.18
2019-04-01;Ставропольский край;18.53
2019-04-01;Тамбовская область;17.24
2019-04-01;Тверская область;19.91
2019-04-01;Томская область;20.59
2019-04-01;Тульская область;17.30
2019-04-01;Тюменская область;17.27
2019-04-01;Удмуртская Республика;14.94
2019-04-01;Ульяновская область;23.37
2019-04-01;Хабаровский край;15.28
2019-04-01;Ханты-Мансийский АО - Югра;17.27
2019-04-01;Челябинская область;9.61
2019-04-01;Чеченская Республика;34.58
2019-04-01;Чувашская Республика;14.27
2019-04-01;Чукотский АО;10.08
2019-04-01;Ямало-Ненецкий АО;17.27
2019-04-01;Ярославская область;25.74
2019-05-01;Россия;24.32
2019-05-01;Адыгея;36.70
2019-05-01;Алтай;67.46
2019-05-01;Алтайский край;28.30
2019-05-01;Амурская область;17.13
2019-05-01;Архангельская область;15.12
2019-05-01;Астраханская область;13.28
2019-05-01;Белгородская область;17.87
2019-05-01;Брянская область;16.22
2019-05-01;Владимирская область;41.29
2019-05-01;Волгоградская область;13.93
2019-05-01;Вологодская область;13.59
2019-05-01;Воронежская область;31.90
2019-05-01;Еврейская автономная область;20.69
2019-05-01;Забайкальский край;6.43
2019-05-01;Ивановская область;31.80
2019-05-01;Иркутская область;6.64
2019-05-01;Кабардино-Балкарская Республика;30.40
2019-05-01;Калининградская область;29.64
2019-05-01;Калужская область;29.54
2019-05-01;Камчатский край;14.31
2019-05-01;Кемеровская область;24.00
2019-05-01;Кировская область;36.83
2019-05-01;Костромская область;38.09
2019-05-01;Краснодарский край;31.29
2019-05-01;Красноярский край;23.01
2019-05-01;Курганская область;33.94
2019-05-01;Курская область;25.90
2019-05-01;Ленинградская область;24.38
2019-05-01;Липецкая область;40.52
2019-05-01;Магаданская область;-4.74
2019-05-01;Мордовия;29.38
2019-05-01;Москва;16.11
2019-05-01;Московская область;16.11
2019-05-01;Мурманская область;5.69
2019-05-01;Нижегородская область;32.80
2019-05-01;Новгородская область;7.27
2019-05-01;Новосибирская область;24.11
2019-05-01;Омская область;21.48
2019-05-01;Оренбургская область;15.66
2019-05-01;Орловская область;16.68
2019-05-01;Пензенская область;27.64
2019-05-01;Пермский край;18.45
2019-05-01;Приморский край;23.79
2019-05-01;Псковская область;21.06
2019-05-01;Республика Башкортостан;10.87
2019-05-01;Республика Бурятия;19.44
2019-05-01;Республика Дагестан;17.79
2019-05-01;Республика Ингушетия;27.15
2019-05-01;Республика Калмыкия;29.54
2019-05-01;Республика Карачаево-Черкессия;57.50
2019-05-01;Республика Карелия;18.02
2019-05-01;Республика Коми;7.62
2019-05-01;Республика Марий Эл;37.67
2019-05-01;Республика Саха (Якутия);21.55
2019-05-01;Республика Северная Осетия-Алания;60.62
2019-05-01;Республика Татарстан;22.71
2019-05-01;Республика Тыва;27.22
2019-05-01;Республика Хакасия;32.96
2019-05-01;Ростовская область;21.46
2019-05-01;Рязанская область;38.82
2019-05-01;Самарская область;20.38
2019-05-01;Санкт-Петербург;24.38
2019-05-01;Саратовская область;22.43
2019-05-01;Сахалинская область;8.02
2019-05-01;Свердловская область;19.09
2019-05-01;Смоленская область;26.64
2019-05-01;Ставропольский край;27.94
2019-05-01;Тамбовская область;34.82
2019-05-01;Тверская область;34.44
2019-05-01;Томская область;27.18
2019-05-01;Тульская область;26.65
2019-05-01;Тюменская область;19.83
2019-05-01;Удмуртская Республика;21.19
2019-05-01;Ульяновская область;27.02
2019-05-01;Хабаровский край;9.39
2019-05-01;Ханты-Мансийский АО - Югра;19.83
2019-05-01;Челябинская область;14.75
2019-05-01;Чеченская Республика;24.40
2019-05-01;Чувашская Республика;13.50
2019-05-01;Чукотский АО;-12.28
2019-05-01;Ямало-Ненецкий АО;19.83
2019-05-01;Ярославская область;42.00
2019-06-01;Россия;9.61
2019-06-01;Адыгея;32.03
2019-06-01;Алтай;12.90
2019-06-01;Алтайский край;-2.98
2019-06-01;Амурская область;29.41
2019-06-01;Архангельская область;6.86
2019-06-01;Астраханская область;8.61
2019-06-01;Белгородская область;-8.01
2019-06-01;Брянская область;-5.93
2019-06-01;Владимирская область;20.60
2019-06-01;Волгоградская область;-13.37
2019-06-01;Вологодская область;-5.93
2019-06-01;Воронежская область;16.46
2019-06-01;Еврейская автономная область;4.20
2019-06-01;Забайкальский край;1.24
2019-06-01;Ивановская область;10.47
2019-06-01;Иркутская область;-4.26
2019-06-01;Кабардино-Балкарская Республика;11.18
2019-06-01;Калининградская область;-9.52
2019-06-01;Калужская область;25.51
2019-06-01;Камчатский край;16.24
2019-06-01;Кемеровская область;11.26
2019-06-01;Кировская область;20.78
2019-06-01;Костромская область;13.16
2019-06-01;Краснодарский край;15.15
2019-06-01;Красноярский край;12.34
2019-06-01;Курганская область;23.35
2019-06-01;Курская область;7.02
2019-06-01;Ленинградская область;15.44
2019-06-01;Липецкая область;10.69
2019-06-01;Магаданская область;-4.99
2019-06-01;Мордовия;-15.00
2019-06-01;Москва;10.07
2019-06-01;Московская область;10.07
2019-06-01;Мурманская область;2.34
2019-06-01;Нижегородская область;3.57
2019-06-01;Новгородская область;-6.59
2019-06-01;Новосибирская область;16.33
2019-06-01;Омская область;3.26
2019-06-01;Оренбургская область;3.97
2019-06-01;Орловская область;0.12
2019-06-01;Пензенская область;16.71
2019-06-01;Пермский край;3.51
2019-06-01;Приморский край;10.84
2019-06-01;Псковская область;-0.57
2019-06-01;Республика Башкортостан;-4.11
2019-06-01;Республика Бурятия;-1.37
2019-06-01;Республика Дагестан;7.69
2019-06-01;Республика Ингушетия;3.09
2019-06-01;Республика Калмыкия;13.79
2019-06-01;Республика Карачаево-Черкессия;34.02
2019-06-01;Республика Карелия;2.37
2019-06-01;Республика Коми;4.83
2019-06-01;Республика Марий Эл;12.96
2019-06-01;Республика Саха (Якутия);23.56
2019-06-01;Республика Северная Осетия-Алания;45.54
2019-06-01;Республика Татарстан;1.51
2019-06-01;Республика Тыва;0.54
2019-06-01;Республика Хакасия;10.56
2019-06-01;Ростовская область;8.75
2019-06-01;Рязанская область;18.48
2019-06-01;Самарская область;-8.94
2019-06-01;Санкт-Петербург;15.44
2019-06-01;Саратовская область;-4.61
2019-06-01;Сахалинская область;4.77
2019-06-01;Свердловская область;2.75
2019-06-01;Смоленская область;8.09
2019-06-01;Ставропольский край;15.69
2019-06-01;Тамбовская область;2.74
2019-06-01;Тверская область;26.64
2019-06-01;Томская область;16.48
2019-06-01;Тульская область;15.87
2019-06-01;Тюменская область;4.27
2019-06-01;Удмуртская Республика;8.67
2019-06-01;Ульяновская область;5.75
2019-06-01;Хабаровский край;6.32
2019-06-01;Ханты-Мансийский АО - Югра;4.27
2019-06-01;Челябинская область;3.88
2019-06-01;Чеченская Республика;24.01
2019-06-01;Чувашская Республика;-6.55
2019-06-01;Чукотский АО;-11.21
2019-06-01;Ямало-Ненецкий АО;4.27
2019-06-01;Ярославская область;11.41
2019-07-01;Россия;16.85
2019-07-01;Адыгея;34.29
2019-07-01;Алтай;32.78
2019-07-01;Алтайский край;0.84
2019-07-01;Амурская область;15.23
2019-07-01;Архангельская область;6.54
2019-07-01;Астраханская область;18.14
2019-07-01;Белгородская область;-0.49
2019-07-01;Брянская область;4.68
2019-07-01;Владимирская область;26.01
2019-07-01;Волгоградская область;7.40
2019-07-01;Вологодская область;4.21
2019-07-01;Воронежская область;26.28
2019-07-01;Еврейская автономная область;21.61
2019-07-01;Забайкальский край;-0.97
2019-07-01;Ивановская область;13.78
2019-07-01;Иркутская область;2.98
2019-07-01;Кабардино-Балкарская Республика;23.10
2019-07-01;Калининградская область;16.11
2019-07-01;Калужская область;32.55
2019-07-01;Камчатский край;9.44
2019-07-01;Кемеровская область;13.31
2019-07-01;Кировская область;17.23
2019-07-01;Костромская область;21.13
2019-07-01;Краснодарский край;23.61
2019-07-01;Красноярский край;15.29
2019-07-01;Курганская область;27.91
2019-07-01;Курская область;12.76
2019-07-01;Ленинградская область;23.24
2019-07-01;Липецкая область;23.61
2019-07-01;Магаданская область;-4.58
2019-07-01;Мордовия;19.96
2019-07-01;Москва;16.55
2019-07-01;Московская область;16.55
2019-07-01;Мурманская область;12.06
2019-07-01;Нижегородская область;3.93
2019-07-01;Новгородская область;6.78
2019-07-01;Новосибирская область;26.17
2019-07-01;Омская область;6.05
2019-07-01;Оренбургская область;9.05
2019-07-01;Орловская область;10.49
2019-07-01;Пензенская область;27.05
2019-07-01;Пермский край;5.29
2019-07-01;Приморский край;4.77
2019-07-01;Псковская область;10.16
2019-07-01;Республика Башкортостан;-2.80
2019-07-01;Республика Бурятия;9.82
2019-07-01;Республика Дагестан;0.78
2019-07-01;Республика Ингушетия;9.72
2019-07-01;Республика Калмыкия;19.59
2019-07-01;Республика Карачаево-Черкессия;60.34
2019-07-01;Республика Карелия;19.24
2019-07-01;Республика Коми;0.94
2019-07-01;Республика Марий Эл;10.88
2019-07-01;Республика Саха (Якутия);11.97
2019-07-01;Республика Северная Осетия-Алания;25.60
2019-07-01;Республика Татарстан;8.79
2019-07-01;Республика Тыва;-7.53
2019-07-01;Республика Хакасия;13.44
2019-07-01;Ростовская область;21.70
2019-07-01;Рязанская область;27.19
2019-07-01;Самарская область;6.42
2019-07-01;Санкт-Петербург;23.24
2019-07-01;Саратовская область;7.79
2019-07-01;Сахалинская область;-5.06
2019-07-01;Свердловская область;14.06
2019-07-01;Смоленская область;13.35
2019-07-01;Ставропольский край;18.28
2019-07-01;Тамбовская область;12.32
2019-07-01;Тверская область;29.71
2019-07-01;Томская область;20.96
2019-07-01;Тульская область;24.29
2019-07-01;Тюменская область;9.22
2019-07-01;Удмуртская Республика;16.78
2019-07-01;Ульяновская область;15.91
2019-07-01;Хабаровский край;6.93
2019-07-01;Ханты-Мансийский АО - Югра;9.22
2019-07-01;Челябинская область;9.47
2019-07-01;Чеченская Республика;28.91
2019-07-01;Чувашская Республика;-0.85
2019-07-01;Чукотский АО;-15.25
2019-07-01;Ямало-Ненецкий АО;9.22
2019-07-01;Ярославская область;15.78
2019-08-01;Россия;11.36
2019-08-01;Адыгея;28.55
2019-08-01;Алтай;30.65
2019-08-01;Алтайский край;1.79
2019-08-01;Амурская область;9.94
2019-08-01;Архангельская область;0.41
2019-08-01;Астраханская область;16.20
2019-08-01;Белгородская область;-3.28
2019-08-01;Брянская область;-3.44
2019-08-01;Владимирская область;19.01
2019-08-01;Волгоградская область;-0.71
2019-08-01;Вологодская область;0.02
2019-08-01;Воронежская область;22.37
2019-08-01;Еврейская автономная область;8.36
2019-08-01;Забайкальский край;-10.04
2019-08-01;Ивановская область;10.68
2019-08-01;Иркутская область;-1.31
2019-08-01;Кабардино-Балкарская Республика;13.59
2019-08-01;Калининградская область;21.27
2019-08-01;Калужская область;23.98
2019-08-01;Камчатский край;14.78
2019-08-01;Кемеровская область;11.86
2019-08-01;Кировская область;8.83
2019-08-01;Костромская область;15.26
2019-08-01;Краснодарский край;17.06
2019-08-01;Красноярский край;11.40
2019-08-01;Курганская область;26.20
2019-08-01;Курская область;5.86
2019-08-01;Ленинградская область;18.50
2019-08-01;Липецкая область;15.86
2019-08-01;Магаданская область;-6.06
2019-08-01;Мордовия;29.87
2019-08-01;Москва;11.22
2019-08-01;Московская область;11.22
2019-08-01;Мурманская область;1.80
2019-08-01;Нижегородская область;2.96
2019-08-01;Новгородская область;3.83
2019-08-01;Новосибирская область;17.63
2019-08-01;Омская область;-0.18
2019-08-01;Оренбургская область;1.38
2019-08-01;Орловская область;1.28
2019-08-01;Пензенская область;16.90
2019-08-01;Пермский край;3.92
2019-08-01;Приморский край;-7.64
2019-08-01;Псковская область;3.66
2019-08-01;Республика Башкортостан;-7.81
2019-08-01;Республика Бурятия;1.38
2019-08-01;Республика Дагестан;-5.78
2019-08-01;Республика Ингушетия;13.26
2019-08-01;Республика Калмыкия;19.78
2019-08-01;Республика Карачаево-Черкессия;65.91
2019-08-01;Республика Карелия;9.07
2019-08-01;Республика Коми;-0.11
2019-08-01;Республика Марий Эл;2.61
2019-08-01;Республика Саха (Якутия);3.07
2019-08-01;Республика Северная Осетия-Алания;20.12
2019-08-01;Республика Татарстан;5.25
2019-08-01;Республика Тыва;-2.47
2019-08-01;Республика Хакасия;13.70
2019-08-01;Ростовская область;20.50
2019-08-01;Рязанская область;20.41
2019-08-01;Самарская область;5.49
2019-08-01;Санкт-Петербург;18.50
2019-08-01;Саратовская область;-0.13
2019-08-01;Сахалинская область;-16.85
2019-08-01;Свердловская область;9.42
2019-08-01;Смоленская область;7.46
2019-08-01;Ставропольский край;16.70
2019-08-01;Тамбовская область;6.66
2019-08-01;Тверская область;15.78
2019-08-01;Томская область;14.46
2019-08-01;Тульская область;14.99
2019-08-01;Тюменская область;6.21
2019-08-01;Удмуртская Республика;4.51
2019-08-01;Ульяновская область;9.19
2019-08-01;Хабаровский край;2.50
2019-08-01;Ханты-Мансийский АО - Югра;6.21
2019-08-01;Челябинская область;6.55
2019-08-01;Чеченская Республика;15.50
2019-08-01;Чувашская Республика;-0.32
2019-08-01;Чукотский АО;-28.44
2019-08-01;Ямало-Ненецкий АО;6.20
2019-08-01;Ярославская область;2.76
2019-09-01;Россия;21.90
2019-09-01;Адыгея;39.70
2019-09-01;Алтай;64.20
2019-09-01;Алтайский край;20.01
2019-09-01;Амурская область;17.53
2019-09-01;Архангельская область;20.14
2019-09-01;Астраханская область;15.45
2019-09-01;Белгородская область;12.33
2019-09-01;Брянская область;7.87
2019-09-01;Владимирская область;33.54
2019-09-01;Волгоградская область;9.83
2019-09-01;Вологодская область;16.01
2019-09-01;Воронежская область;31.48
2019-09-01;Еврейская автономная область;-12.03
2019-09-01;Забайкальский край;-12.47
2019-09-01;Ивановская область;21.75
2019-09-01;Иркутская область;7.13
2019-09-01;Кабардино-Балкарская Республика;26.19
2019-09-01;Калининградская область;41.39
2019-09-01;Калужская область;36.61
2019-09-01;Камчатский край;21.24
2019-09-01;Кемеровская область;25.80
2019-09-01;Кировская область;25.04
2019-09-01;Костромская область;33.36
2019-09-01;Краснодарский край;20.28
2019-09-01;Красноярский край;24.01
2019-09-01;Курганская область;31.11
2019-09-01;Курская область;23.68
2019-09-01;Ленинградская область;23.12
2019-09-01;Липецкая область;32.66
2019-09-01;Магаданская область;2.08
2019-09-01;Мордовия;36.64
2019-09-01;Москва;21.81
2019-09-01;Московская область;21.81
2019-09-01;Мурманская область;9.39
2019-09-01;Нижегородская область;21.67
2019-09-01;Новгородская область;9.37
2019-09-01;Новосибирская область;27.77
2019-09-01;Омская область;13.08
2019-09-01;Оренбургская область;23.69
2019-09-01;Орловская область;18.83
2019-09-01;Пензенская область;25.36
2019-09-01;Пермский край;12.66
2019-09-01;Приморский край;3.06
2019-09-01;Псковская область;12.35
2019-09-01;Республика Башкортостан;4.81
2019-09-01;Республика Бурятия;19.61
2019-09-01;Республика Дагестан;3.83
2019-09-01;Республика Ингушетия;21.16
2019-09-01;Республика Калмыкия;20.97
2019-09-01;Республика Карачаево-Черкессия;75.80
2019-09-01;Республика Карелия;18.95
2019-09-01;Республика Коми;6.72
2019-09-01;Республика Марий Эл;25.12
2019-09-01;Республика Саха (Якутия);16.44
2019-09-01;Республика Северная Осетия-Алания;36.74
2019-09-01;Республика Татарстан;19.00
2019-09-01;Республика Тыва;20.13
2019-09-01;Республика Хакасия;26.14
2019-09-01;Ростовская область;22.94
2019-09-01;Рязанская область;39.83
2019-09-01;Самарская область;17.86
2019-09-01;Санкт-Петербург;23.12
2019-09-01;Саратовская область;13.42
2019-09-01;Сахалинская область;6.94
2019-09-01;Свердловская область;23.12
2019-09-01;Смоленская область;20.21
2019-09-01;Ставропольский край;24.73
2019-09-01;Тамбовская область;17.78
2019-09-01;Тверская область;32.89
2019-09-01;Томская область;17.35
2019-09-01;Тульская область;19.53
2019-09-01;Тюменская область;13.36
2019-09-01;Удмуртская Республика;24.11
2019-09-01;Ульяновская область;23.41
2019-09-01;Хабаровский край;14.01
2019-09-01;Ханты-Мансийский АО - Югра;13.36
2019-09-01;Челябинская область;15.85
2019-09-01;Чеченская Республика;55.31
2019-09-01;Чувашская Республика;9.14
2019-09-01;Чукотский АО;16.09
2019-09-01;Ямало-Ненецкий АО;13.36
2019-09-01;Ярославская область;18.51
2019-10-01;Россия;19.92
2019-10-01;Адыгея;40.57
2019-10-01;Алтай;37.92
2019-10-01;Алтайский край;20.96
2019-10-01;Амурская область;26.49
2019-10-01;Архангельская область;14.51
2019-10-01;Астраханская область;14.36
2019-10-01;Белгородская область;17.76
2019-10-01;Брянская область;4.91
2019-10-01;Владимирская область;26.39
2019-10-01;Волгоградская область;12.16
2019-10-01;Вологодская область;15.31
2019-10-01;Воронежская область;27.36
2019-10-01;Еврейская автономная область;12.49
2019-10-01;Забайкальский край;5.66
2019-10-01;Ивановская область;20.59
2019-10-01;Иркутская область;9.01
2019-10-01;Кабардино-Балкарская Республика;29.49
2019-10-01;Калининградская область;31.20
2019-10-01;Калужская область;24.49
2019-10-01;Камчатский край;23.89
2019-10-01;Кемеровская область;22.89
2019-10-01;Кировская область;21.75
2019-10-01;Костромская область;29.11
2019-10-01;Краснодарский край;27.24
2019-10-01;Красноярский край;18.09
2019-10-01;Курганская область;31.16
2019-10-01;Курская область;22.70
2019-10-01;Ленинградская область;24.06
2019-10-01;Липецкая область;23.03
2019-10-01;Магаданская область;16.22
2019-10-01;Мордовия;21.93
2019-10-01;Москва;21.46
2019-10-01;Московская область;21.46
2019-10-01;Мурманская область;4.34
2019-10-01;Нижегородская область;19.11
2019-10-01;Новгородская область;-2.15
2019-10-01;Новосибирская область;23.27
2019-10-01;Омская область;12.50
2019-10-01;Оренбургская область;18.62
2019-10-01;Орловская область;13.12
2019-10-01;Пензенская область;31.08
2019-10-01;Пермский край;17.77
2019-10-01;Приморский край;11.75
2019-10-01;Псковская область;8.14
2019-10-01;Республика Башкортостан;6.73
2019-10-01;Республика Бурятия;30.07
2019-10-01;Республика Дагестан;4.95
2019-10-01;Республика Ингушетия;29.09
2019-10-01;Республика Калмыкия;29.40
2019-10-01;Республика Карачаево-Черкессия;74.89
2019-10-01;Республика Карелия;6.17
2019-10-01;Республика Коми;9.75
2019-10-01;Республика Марий Эл;19.58
2019-10-01;Республика Саха (Якутия);23.45
2019-10-01;Республика Северная Осетия-Алания;44.87
2019-10-01;Республика Татарстан;11.76
2019-10-01;Республика Тыва;5.87
2019-10-01;Республика Хакасия;28.07
2019-10-01;Ростовская область;23.40
2019-10-01;Рязанская область;24.34
2019-10-01;Самарская область;19.07
2019-10-01;Санкт-Петербург;24.06
2019-10-01;Саратовская область;14.75
2019-10-01;Сахалинская область;19.18
2019-10-01;Свердловская область;21.96
2019-10-01;Смоленская область;9.59
2019-10-01;Ставропольский край;20.06
2019-10-01;Тамбовская область;13.45
2019-10-01;Тверская область;21.56
2019-10-01;Томская область;15.45
2019-10-01;Тульская область;13.14
2019-10-01;Тюменская область;12.75
2019-10-01;Удмуртская Республика;19.97
2019-10-01;Ульяновская область;21.04
2019-10-01;Хабаровский край;7.36
2019-10-01;Ханты-Мансийский АО - Югра;12.75
2019-10-01;Челябинская область;13.55
2019-10-01;Чеченская Республика;16.93
2019-10-01;Чувашская Республика;7.46
2019-10-01;Чукотский АО;36.81
2019-10-01;Ямало-Ненецкий АО;12.75
2019-10-01;Ярославская область;8.70
2019-11-01;Россия;19.77
2019-11-01;Адыгея;37.44
2019-11-01;Алтай;45.98
2019-11-01;Алтайский край;30.14
2019-11-01;Амурская область;-0.27
2019-11-01;Архангельская область;11.99
2019-11-01;Астраханская область;16.76
2019-11-01;Белгородская область;21.00
2019-11-01;Брянская область;13.17
2019-11-01;Владимирская область;33.40
2019-11-01;Волгоградская область;13.64
2019-11-01;Вологодская область;13.41
2019-11-01;Воронежская область;34.40
2019-11-01;Еврейская автономная область;6.25
2019-11-01;Забайкальский край;7.68
2019-11-01;Ивановская область;23.14
2019-11-01;Иркутская область;7.57
2019-11-01;Кабардино-Балкарская Республика;24.60
2019-11-01;Калининградская область;29.36
2019-11-01;Калужская область;31.23
2019-11-01;Камчатский край;11.02
2019-11-01;Кемеровская область;23.28
2019-11-01;Кировская область;25.32
2019-11-01;Костромская область;27.88
2019-11-01;Краснодарский край;31.13
2019-11-01;Красноярский край;21.25
2019-11-01;Курганская область;27.14
2019-11-01;Курская область;29.86
2019-11-01;Ленинградская область;31.15
2019-11-01;Липецкая область;27.02
2019-11-01;Магаданская область;13.35
2019-11-01;Мордовия;33.13
2019-11-01;Москва;14.84
2019-11-01;Московская область;14.84
2019-11-01;Мурманская область;13.50
2019-11-01;Нижегородская область;24.08
2019-11-01;Новгородская область;0.49
2019-11-01;Новосибирская область;28.88
2019-11-01;Омская область;16.64
2019-11-01;Оренбургская область;23.22
2019-11-01;Орловская область;7.86
2019-11-01;Пензенская область;27.51
2019-11-01;Пермский край;11.37
2019-11-01;Приморский край;4.22
2019-11-01;Псковская область;10.16
2019-11-01;Республика Башкортостан;-2.27
2019-11-01;Республика Бурятия;32.25
2019-11-01;Республика Дагестан;17.49
2019-11-01;Республика Ингушетия;-20.03
2019-11-01;Республика Калмыкия;19.68
2019-11-01;Республика Карачаево-Черкессия;81.35
2019-11-01;Республика Карелия;10.07
2019-11-01;Республика Коми;4.59
2019-11-01;Республика Марий Эл;25.69
2019-11-01;Республика Саха (Якутия);27.55
2019-11-01;Республика Северная Осетия-Алания;54.81
2019-11-01;Республика Татарстан;0.50
2019-11-01;Республика Тыва;12.71
2019-11-01;Республика Хакасия;14.06
2019-11-01;Ростовская область;29.39
2019-11-01;Рязанская область;24.62
2019-11-01;Самарская область;19.85
2019-11-01;Санкт-Петербург;31.15
2019-11-01;Саратовская область;0.35
2019-11-01;Сахалинская область;25.53
2019-11-01;Свердловская область;20.13
2019-11-01;Смоленская область;19.52
2019-11-01;Ставропольский край;29.29
2019-11-01;Тамбовская область;15.31
2019-11-01;Тверская область;26.63
2019-11-01;Томская область;16.91
2019-11-01;Тульская область;19.08
2019-11-01;Тюменская область;9.62
2019-11-01;Удмуртская Республика;20.93
2019-11-01;Ульяновская область;25.60
2019-11-01;Хабаровский край;8.95
2019-11-01;Ханты-Мансийский АО - Югра;9.62
2019-11-01;Челябинская область;5.82
2019-11-01;Чеченская Республика;17.07
2019-11-01;Чувашская Республика;11.91
2019-11-01;Чукотский АО;-5.61
2019-11-01;Ямало-Ненецкий АО;9.62
2019-11-01;Ярославская область;6.51
2019-12-01;Россия;19.46
2019-12-01;Адыгея;31.72
2019-12-01;Алтай;35.82
2019-12-01;Алтайский край;23.71
2019-12-01;Амурская область;-15.60
2019-12-01;Архангельская область;16.71
2019-12-01;Астраханская область;23.98
2019-12-01;Белгородская область;20.15
2019-12-01;Брянская область;10.52
2019-12-01;Владимирская область;36.16
2019-12-01;Волгоградская область;12.29
2019-12-01;Вологодская область;14.02
2019-12-01;Воронежская область;33.61
2019-12-01;Еврейская автономная область;6.75
2019-12-01;Забайкальский край;10.85
2019-12-01;Ивановская область;30.21
2019-12-01;Иркутская область;3.31
2019-12-01;Кабардино-Балкарская Республика;17.00
2019-12-01;Калининградская область;26.10
2019-12-01;Калужская область;31.08
2019-12-01;Камчатский край;16.24
2019-12-01;Кемеровская область;13.29
2019-12-01;Кировская область;27.59
2019-12-01;Костромская область;25.41
2019-12-01;Краснодарский край;29.18
2019-12-01;Красноярский край;21.12
2019-12-01;Курганская область;30.66
2019-12-01;Курская область;34.13
2019-12-01;Ленинградская область;24.17
2019-12-01;Липецкая область;24.99
2019-12-01;Магаданская область;9.93
2019-12-01;Мордовия;25.37
2019-12-01;Москва;15.51
2019-12-01;Московская область;15.51
2019-12-01;Мурманская область;8.33
2019-12-01;Нижегородская область;24.28
2019-12-01;Новгородская область;0.46
2019-12-01;Новосибирская область;30.07
2019-12-01;Омская область;1.49
2019-12-01;Оренбургская область;13.20
2019-12-01;Орловская область;6.95
2019-12-01;Пензенская область;38.39
2019-12-01;Пермский край;15.54
2019-12-01;Приморский край;1.97
2019-12-01;Псковская область;5.86
2019-12-01;Республика Башкортостан;-0.35
2019-12-01;Республика Бурятия;41.91
2019-12-01;Республика Дагестан;15.61
2019-12-01;Республика Ингушетия;-17.68
2019-12-01;Республика Калмыкия;17.02
2019-12-01;Республика Карачаево-Черкессия;76.09
2019-12-01;Республика Карелия;9.35
2019-12-01;Республика Коми;1.39
2019-12-01;Республика Марий Эл;24.02
2019-12-01;Республика Саха (Якутия);12.53
2019-12-01;Республика Северная Осетия-Алания;66.63
2019-12-01;Республика Татарстан;19.54
2019-12-01;Республика Тыва;7.60
2019-12-01;Республика Хакасия;17.21
2019-12-01;Ростовская область;30.73
2019-12-01;Рязанская область;25.23
2019-12-01;Самарская область;21.24
2019-12-01;Санкт-Петербург;24.17
2019-12-01;Саратовская область;14.92
2019-12-01;Сахалинская область;2.40
2019-12-01;Свердловская область;24.23
2019-12-01;Смоленская область;13.34
2019-12-01;Ставропольский край;34.09
2019-12-01;Тамбовская область;8.87
2019-12-01;Тверская область;23.89
2019-12-01;Томская область;14.99
2019-12-01;Тульская область;14.47
2019-12-01;Тюменская область;12.50
2019-12-01;Удмуртская Республика;11.47
2019-12-01;Ульяновская область;24.82
2019-12-01;Хабаровский край;7.47
2019-12-01;Ханты-Мансийский АО - Югра;12.50
2019-12-01;Челябинская область;4.47
2019-12-01;Чеченская Республика;21.33
2019-12-01;Чувашская Республика;17.17
2019-12-01;Чукотский АО;-31.48
2019-12-01;Ямало-Ненецкий АО;12.50
2019-12-01;Ярославская область;1.66
2020-01-01;Россия;16.49
2020-01-01;Адыгея;25.21
2020-01-01;Алтай;19.62
2020-01-01;Алтайский край;15.75
2020-01-01;Амурская область;-13.17
2020-01-01;Архангельская область;7.70
2020-01-01;Астраханская область;16.43
2020-01-01;Белгородская область;16.25
2020-01-01;Брянская область;14.58
2020-01-01;Владимирская область;42.22
2020-01-01;Волгоградская область;10.63
2020-01-01;Вологодская область;9.87
2020-01-01;Воронежская область;32.57
2020-01-01;Еврейская автономная область;10.42
2020-01-01;Забайкальский край;2.60
2020-01-01;Ивановская область;17.00
2020-01-01;Иркутская область;8.01
2020-01-01;Кабардино-Балкарская Республика;24.01
2020-01-01;Калининградская область;21.30
2020-01-01;Калужская область;19.75
2020-01-01;Камчатский край;-4.85
2020-01-01;Кемеровская область;9.56
2020-01-01;Кировская область;8.65
2020-01-01;Костромская область;23.34
2020-01-01;Краснодарский край;15.57
2020-01-01;Красноярский край;15.12
2020-01-01;Курганская область;17.20
2020-01-01;Курская область;29.82
2020-01-01;Ленинградская область;14.88
2020-01-01;Липецкая область;26.44
2020-01-01;Магаданская область;11.63
2020-01-01;Мордовия;25.82
2020-01-01;Москва;21.90
2020-01-01;Московская область;0.96
2020-01-01;Мурманская область;8.10
2020-01-01;Нижегородская область;25.65
2020-01-01;Новгородская область;8.06
2020-01-01;Новосибирская область;22.13
2020-01-01;Омская область;3.85
2020-01-01;Оренбургская область;7.98
2020-01-01;Орловская область;11.07
2020-01-01;Пензенская область;29.81
2020-01-01;Пермский край;5.74
2020-01-01;Приморский край;2.76
2020-01-01;Псковская область;14.65
2020-01-01;Республика Башкортостан;-1.63
2020-01-01;Республика Бурятия;47.67
2020-01-01;Республика Дагестан;7.76
2020-01-01;Республика Ингушетия;-28.12
2020-01-01;Республика Калмыкия;13.43
2020-01-01;Республика Карачаево-Черкессия;38.24
2020-01-01;Республика Карелия;19.11
2020-01-01;Республика Коми;-2.68
2020-01-01;Республика Марий Эл;17.17
2020-01-01;Республика Саха (Якутия);3.65
2020-01-01;Республика Северная Осетия-Алания;52.17
2020-01-01;Республика Татарстан;16.56
2020-01-01;Республика Тыва;7.05
2020-01-01;Республика Хакасия;23.30
2020-01-01;Ростовская область;24.15
2020-01-01;Рязанская область;25.96
2020-01-01;Самарская область;17.73
2020-01-01;Санкт-Петербург;23.68
2020-01-01;Саратовская область;6.51
2020-01-01;Сахалинская область;3.61
2020-01-01;Свердловская область;15.99
2020-01-01;Смоленская область;15.26
2020-01-01;Ставропольский край;27.08
2020-01-01;Тамбовская область;18.82
2020-01-01;Тверская область;31.81
2020-01-01;Томская область;8.68
2020-01-01;Тульская область;15.55
2020-01-01;Тюменская область;13.44
2020-01-01;Удмуртская Республика;10.64
2020-01-01;Ульяновская область;14.72
2020-01-01;Хабаровский край;7.64
2020-01-01;Ханты-Мансийский АО - Югра;-1.44
2020-01-01;Челябинская область;10.89
2020-01-01;Чеченская Республика;4.44
2020-01-01;Чувашская Республика;13.08
2020-01-01;Чукотский АО;-25.36
2020-01-01;Ямало-Ненецкий АО;0.13
2020-01-01;Ярославская область;5.02
2020-02-01;Россия;17.61
2020-02-01;Адыгея;31.33
2020-02-01;Алтай;38.36
2020-02-01;Алтайский край;19.80
2020-02-01;Амурская область;-14.21
2020-02-01;Архангельская область;12.68
2020-02-01;Астраханская область;40.65
2020-02-01;Белгородская область;27.04
2020-02-01;Брянская область;22.86
2020-02-01;Владимирская область;73.88
2020-02-01;Волгоградская область;10.95
2020-02-01;Вологодская область;11.54
2020-02-01;Воронежская область;26.93
2020-02-01;Еврейская автономная область;10.72
2020-02-01;Забайкальский край;1.05
2020-02-01;Ивановская область;30.48
2020-02-01;Иркутская область;11.71
2020-02-01;Кабардино-Балкарская Республика;34.15
2020-02-01;Калининградская область;31.43
2020-02-01;Калужская область;23.00
2020-02-01;Камчатский край;3.27
2020-02-01;Кемеровская область;25.68
2020-02-01;Кировская область;16.06
2020-02-01;Костромская область;43.11
2020-02-01;Краснодарский край;14.74
2020-02-01;Красноярский край;11.40
2020-02-01;Курганская область;17.54
2020-02-01;Курская область;22.51
2020-02-01;Ленинградская область;20.04
2020-02-01;Липецкая область;32.74
2020-02-01;Магаданская область;6.29
2020-02-01;Мордовия;40.02
2020-02-01;Москва;10.86
2020-02-01;Московская область;-0.49
2020-02-01;Мурманская область;7.83
2020-02-01;Нижегородская область;26.76
2020-02-01;Новгородская область;16.27
2020-02-01;Новосибирская область;27.59
2020-02-01;Омская область;6.18
2020-02-01;Оренбургская область;17.37
2020-02-01;Орловская область;24.73
2020-02-01;Пензенская область;53.59
2020-02-01;Пермский край;11.13
2020-02-01;Приморский край;1.69
2020-02-01;Псковская область;23.24
2020-02-01;Республика Башкортостан;9.34
2020-02-01;Республика Бурятия;67.88
2020-02-01;Республика Дагестан;1.81
2020-02-01;Республика Ингушетия;-30.03
2020-02-01;Республика Калмыкия;24.70
2020-02-01;Республика Карачаево-Черкессия;39.64
2020-02-01;Республика Карелия;28.96
2020-02-01;Республика Коми;0.99
2020-02-01;Республика Марий Эл;18.43
2020-02-01;Республика Саха (Якутия);5.72
2020-02-01;Республика Северная Осетия-Алания;26.96
2020-02-01;Республика Татарстан;22.65
2020-02-01;Республика Тыва;14.71
2020-02-01;Республика Хакасия;38.57
2020-02-01;Ростовская область;16.58
2020-02-01;Рязанская область;21.38
2020-02-01;Самарская область;18.42
2020-02-01;Санкт-Петербург;18.60
2020-02-01;Саратовская область;7.61
2020-02-01;Сахалинская область;7.88
2020-02-01;Свердловская область;18.75
2020-02-01;Смоленская область;16.75
2020-02-01;Ставропольский край;29.27
2020-02-01;Тамбовская область;18.63
2020-02-01;Тверская область;30.62
2020-02-01;Томская область;18.23
2020-02-01;Тульская область;17.73
2020-02-01;Тюменская область;14.66
2020-02-01;Удмуртская Республика;17.46
2020-02-01;Ульяновская область;21.00
2020-02-01;Хабаровский край;8.14
2020-02-01;Ханты-Мансийский АО - Югра;3.00
2020-02-01;Челябинская область;15.87
2020-02-01;Чеченская Республика;46.92
2020-02-01;Чувашская Республика;20.87
2020-02-01;Чукотский АО;-14.66
2020-02-01;Ямало-Ненецкий АО;-1.53
2020-02-01;Ярославская область;8.95
2020-03-01;Россия;8.30
2020-03-01;Адыгея;29.81
2020-03-01;Алтай;3.40
2020-03-01;Алтайский край;14.19
2020-03-01;Амурская область;-0.24
2020-03-01;Архангельская область;13.74
2020-03-01;Астраханская область;21.29
2020-03-01;Белгородская область;16.38
2020-03-01;Брянская область;11.14
2020-03-01;Владимирская область;83.99
2020-03-01;Волгоградская область;9.35
2020-03-01;Вологодская область;-0.59
2020-03-01;Воронежская область;19.67
2020-03-01;Еврейская автономная область;13.99
2020-03-01;Забайкальский край;6.16
2020-03-01;Ивановская область;9.20
2020-03-01;Иркутская область;-1.04
2020-03-01;Кабардино-Балкарская Республика;10.87
2020-03-01;Калининградская область;-6.16
2020-03-01;Калужская область;28.44
2020-03-01;Камчатский край;7.18
2020-03-01;Кемеровская область;1.36
2020-03-01;Кировская область;7.94
2020-03-01;Костромская область;20.88
2020-03-01;Краснодарский край;10.03
2020-03-01;Красноярский край;-4.89
2020-03-01;Курганская область;3.74
2020-03-01;Курская область;15.84
2020-03-01;Ленинградская область;4.70
2020-03-01;Липецкая область;24.09
2020-03-01;Магаданская область;12.34
2020-03-01;Мордовия;21.57
2020-03-01;Москва;-6.52
2020-03-01;Московская область;-8.69
2020-03-01;Мурманская область;5.89
2020-03-01;Нижегородская область;13.24
2020-03-01;Новгородская область;8.23
2020-03-01;Новосибирская область;7.96
2020-03-01;Омская область;-4.88
2020-03-01;Оренбургская область;8.31
2020-03-01;Орловская область;20.98
2020-03-01;Пензенская область;24.30
2020-03-01;Пермский край;-2.82
2020-03-01;Приморский край;-11.13
2020-03-01;Псковская область;5.67
2020-03-01;Республика Башкортостан;6.17
2020-03-01;Республика Бурятия;54.28
2020-03-01;Республика Дагестан;16.84
2020-03-01;Республика Ингушетия;-29.71
2020-03-01;Республика Калмыкия;31.14
2020-03-01;Республика Карачаево-Черкессия;28.28
2020-03-01;Республика Карелия;13.16
2020-03-01;Республика Коми;-5.58
2020-03-01;Республика Марий Эл;12.57
2020-03-01;Республика Саха (Якутия);-6.64
2020-03-01;Республика Северная Осетия-Алания;13.44
2020-03-01;Республика Татарстан;0.59
2020-03-01;Республика Тыва;5.42
2020-03-01;Республика Хакасия;12.73
2020-03-01;Ростовская область;23.43
2020-03-01;Рязанская область;21.20
2020-03-01;Самарская область;7.52
2020-03-01;Санкт-Петербург;-3.74
2020-03-01;Саратовская область;3.66
2020-03-01;Сахалинская область;24.38
2020-03-01;Свердловская область;-4.67
2020-03-01;Смоленская область;9.88
2020-03-01;Ставропольский край;15.93
2020-03-01;Тамбовская область;17.97
2020-03-01;Тверская область;32.68
2020-03-01;Томская область;-6.05
2020-03-01;Тульская область;18.88
2020-03-01;Тюменская область;7.40
2020-03-01;Удмуртская Республика;6.06
2020-03-01;Ульяновская область;12.13
2020-03-01;Хабаровский край;4.43
2020-03-01;Ханты-Мансийский АО - Югра;-0.63
2020-03-01;Челябинская область;4.67
2020-03-01;Чеченская Республика;5.05
2020-03-01;Чувашская Республика;-5.61
2020-03-01;Чукотский АО;-14.86
2020-03-01;Ямало-Ненецкий АО;2.97
2020-03-01;Ярославская область;-0.16
2020-04-01;Россия;-49.69
2020-04-01;Адыгея;-42.44
2020-04-01;Алтай;-52.34
2020-04-01;Алтайский край;-3.49
2020-04-01;Амурская область;-42.00
2020-04-01;Архангельская область;-49.61
2020-04-01;Астраханская область;-67.45
2020-04-01;Белгородская область;-43.04
2020-04-01;Брянская область;-40.49
2020-04-01;Владимирская область;16.89
2020-04-01;Волгоградская область;-50.37
2020-04-01;Вологодская область;-54.95
2020-04-01;Воронежская область;-49.40
2020-04-01;Еврейская автономная область;-23.99
2020-04-01;Забайкальский край;-44.48
2020-04-01;Ивановская область;-51.80
2020-04-01;Иркутская область;-57.42
2020-04-01;Кабардино-Балкарская Республика;-50.34
2020-04-01;Калининградская область;-81.20
2020-04-01;Калужская область;-8.53
2020-04-01;Камчатский край;-32.46
2020-04-01;Кемеровская область;-51.14
2020-04-01;Кировская область;-45.79
2020-04-01;Костромская область;-43.83
2020-04-01;Краснодарский край;-67.22
2020-04-01;Красноярский край;-43.75
2020-04-01;Курганская область;-32.42
2020-04-01;Курская область;-35.42
2020-04-01;Ленинградская область;-55.97
2020-04-01;Липецкая область;-32.83
2020-04-01;Магаданская область;-11.05
2020-04-01;Мордовия;-16.44
2020-04-01;Москва;-77.48
2020-04-01;Московская область;-64.36
2020-04-01;Мурманская область;-67.24
2020-04-01;Нижегородская область;-58.34
2020-04-01;Новгородская область;-42.47
2020-04-01;Новосибирская область;-57.11
2020-04-01;Омская область;-54.30
2020-04-01;Оренбургская область;-46.07
2020-04-01;Орловская область;-35.80
2020-04-01;Пензенская область;-46.52
2020-04-01;Пермский край;-55.99
2020-04-01;Приморский край;-58.64
2020-04-01;Псковская область;-44.22
2020-04-01;Республика Башкортостан;-52.04
2020-04-01;Республика Бурятия;-41.79
2020-04-01;Республика Дагестан;-50.37
2020-04-01;Республика Ингушетия;-57.91
2020-04-01;Республика Калмыкия;-53.50
2020-04-01;Республика Карачаево-Черкессия;-44.21
2020-04-01;Республика Карелия;-55.21
2020-04-01;Республика Коми;-54.43
2020-04-01;Республика Марий Эл;-46.69
2020-04-01;Республика Саха (Якутия);-43.71
2020-04-01;Республика Северная Осетия-Алания;-62.15
2020-04-01;Республика Татарстан;-67.45
2020-04-01;Республика Тыва;-34.08
2020-04-01;Республика Хакасия;-39.17
2020-04-01;Ростовская область;-46.87
2020-04-01;Рязанская область;-23.98
2020-04-01;Самарская область;-55.56
2020-04-01;Санкт-Петербург;-80.89
2020-04-01;Саратовская область;-52.16
2020-04-01;Сахалинская область;-59.84
2020-04-01;Свердловская область;-61.38
2020-04-01;Смоленская область;-33.41
2020-04-01;Ставропольский край;-56.66
2020-04-01;Тамбовская область;-33.91
2020-04-01;Тверская область;-5.47
2020-04-01;Томская область;-57.74
2020-04-01;Тульская область;-16.77
2020-04-01;Тюменская область;-50.77
2020-04-01;Удмуртская Республика;-53.89
2020-04-01;Ульяновская область;-47.88
2020-04-01;Хабаровский край;-57.59
2020-04-01;Ханты-Мансийский АО - Югра;-40.37
2020-04-01;Челябинская область;-46.70
2020-04-01;Чеченская Республика;-65.03
2020-04-01;Чувашская Республика;-53.34
2020-04-01;Чукотский АО;-51.43
2020-04-01;Ямало-Ненецкий АО;-41.87
2020-04-01;Ярославская область;-51.91
2020-05-01;Россия;-48.40
2020-05-01;Адыгея;-36.01
2020-05-01;Алтай;-77.05
2020-05-01;Алтайский край;-28.94
2020-05-01;Амурская область;-42.87
2020-05-01;Архангельская область;-48.15
2020-05-01;Астраханская область;-59.94
2020-05-01;Белгородская область;-45.73
2020-05-01;Брянская область;-48.01
2020-05-01;Владимирская область;-4.69
2020-05-01;Волгоградская область;-53.75
2020-05-01;Вологодская область;-59.06
2020-05-01;Воронежская область;-49.14
2020-05-01;Еврейская автономная область;-9.48
2020-05-01;Забайкальский край;-39.07
2020-05-01;Ивановская область;-58.91
2020-05-01;Иркутская область;-55.97
2020-05-01;Кабардино-Балкарская Республика;-58.07
2020-05-01;Калининградская область;-85.47
2020-05-01;Калужская область;-1.53
2020-05-01;Камчатский край;-25.82
2020-05-01;Кемеровская область;-50.61
2020-05-01;Кировская область;-44.54
2020-05-01;Костромская область;-58.74
2020-05-01;Краснодарский край;-72.35
2020-05-01;Красноярский край;-35.78
2020-05-01;Курганская область;-38.85
2020-05-01;Курская область;-38.01
2020-05-01;Ленинградская область;-54.10
2020-05-01;Липецкая область;-38.52
2020-05-01;Магаданская область;-4.83
2020-05-01;Мордовия;-36.27
2020-05-01;Москва;-71.84
2020-05-01;Московская область;-64.24
2020-05-01;Мурманская область;-59.95
2020-05-01;Нижегородская область;-65.99
2020-05-01;Новгородская область;-48.44
2020-05-01;Новосибирская область;-55.00
2020-05-01;Омская область;-42.21
2020-05-01;Оренбургская область;-43.84
2020-05-01;Орловская область;-43.27
2020-05-01;Пензенская область;-38.49
2020-05-01;Пермский край;-46.36
2020-05-01;Приморский край;-57.53
2020-05-01;Псковская область;-49.31
2020-05-01;Республика Башкортостан;-41.59
2020-05-01;Республика Бурятия;-42.94
2020-05-01;Республика Дагестан;-59.21
2020-05-01;Республика Ингушетия;-49.46
2020-05-01;Республика Калмыкия;-50.57
2020-05-01;Республика Карачаево-Черкессия;-41.81
2020-05-01;Республика Карелия;-61.41
2020-05-01;Республика Коми;-44.93
2020-05-01;Республика Марий Эл;-42.71
2020-05-01;Республика Саха (Якутия);-42.56
2020-05-01;Республика Северная Осетия-Алания;-63.46
2020-05-01;Республика Татарстан;-65.34
2020-05-01;Республика Тыва;-51.90
2020-05-01;Республика Хакасия;-28.70
2020-05-01;Ростовская область;-47.28
2020-05-01;Рязанская область;-23.33
2020-05-01;Самарская область;-51.85
2020-05-01;Санкт-Петербург;-83.71
2020-05-01;Саратовская область;-51.85
2020-05-01;Сахалинская область;-53.12
2020-05-01;Свердловская область;-52.65
2020-05-01;Смоленская область;-38.87
2020-05-01;Ставропольский край;-63.71
2020-05-01;Тамбовская область;-40.42
2020-05-01;Тверская область;-8.14
2020-05-01;Томская область;-58.31
2020-05-01;Тульская область;-28.03
2020-05-01;Тюменская область;-46.34
2020-05-01;Удмуртская Республика;-51.52
2020-05-01;Ульяновская область;-41.47
2020-05-01;Хабаровский край;-53.08
2020-05-01;Ханты-Мансийский АО - Югра;-29.97
2020-05-01;Челябинская область;-31.56
2020-05-01;Чеченская Республика;-65.19
2020-05-01;Чувашская Республика;-50.28
2020-05-01;Чукотский АО;-43.17
2020-05-01;Ямало-Ненецкий АО;-23.20
2020-05-01;Ярославская область;-54.80
2020-06-01;Россия;-17.27
2020-06-01;Адыгея;-7.27
2020-06-01;Алтай;-44.31
2020-06-01;Алтайский край;-3.32
2020-06-01;Амурская область;-30.45
2020-06-01;Архангельская область;-21.38
2020-06-01;Астраханская область;7.96
2020-06-01;Белгородская область;-2.46
2020-06-01;Брянская область;4.94
2020-06-01;Владимирская область;56.36
2020-06-01;Волгоградская область;-14.96
2020-06-01;Вологодская область;-26.97
2020-06-01;Воронежская область;-19.79
2020-06-01;Еврейская автономная область;11.23
2020-06-01;Забайкальский край;-24.71
2020-06-01;Ивановская область;-21.70
2020-06-01;Иркутская область;-35.90
2020-06-01;Кабардино-Балкарская Республика;-18.56
2020-06-01;Калининградская область;-56.76
2020-06-01;Калужская область;26.36
2020-06-01;Камчатский край;-17.90
2020-06-01;Кемеровская область;-19.91
2020-06-01;Кировская область;-13.11
2020-06-01;Костромская область;-13.62
2020-06-01;Краснодарский край;-53.48
2020-06-01;Красноярский край;-18.63
2020-06-01;Курганская область;-20.51
2020-06-01;Курская область;9.07
2020-06-01;Ленинградская область;-24.59
2020-06-01;Липецкая область;7.35
2020-06-01;Магаданская область;-2.44
2020-06-01;Мордовия;0.22
2020-06-01;Москва;-48.91
2020-06-01;Московская область;-43.73
2020-06-01;Мурманская область;-24.82
2020-06-01;Нижегородская область;-27.90
2020-06-01;Новгородская область;3.21
2020-06-01;Новосибирская область;-35.34
2020-06-01;Омская область;-16.74
2020-06-01;Оренбургская область;-23.31
2020-06-01;Орловская область;9.10
2020-06-01;Пензенская область;3.62
2020-06-01;Пермский край;-16.27
2020-06-01;Приморский край;-35.24
2020-06-01;Псковская область;-8.93
2020-06-01;Республика Башкортостан;-6.41
2020-06-01;Республика Бурятия;-16.48
2020-06-01;Республика Дагестан;-44.53
2020-06-01;Республика Ингушетия;-24.74
2020-06-01;Республика Калмыкия;-6.28
2020-06-01;Республика Карачаево-Черкессия;-16.71
2020-06-01;Республика Карелия;-3.61
2020-06-01;Республика Коми;-15.40
2020-06-01;Республика Марий Эл;-5.94
2020-06-01;Республика Саха (Якутия);-35.93
2020-06-01;Республика Северная Осетия-Алания;-31.44
2020-06-01;Республика Татарстан;-26.81
2020-06-01;Республика Тыва;-44.13
2020-06-01;Республика Хакасия;0.37
2020-06-01;Ростовская область;-23.27
2020-06-01;Рязанская область;37.99
2020-06-01;Самарская область;-21.77
2020-06-01;Санкт-Петербург;-58.15
2020-06-01;Саратовская область;-12.46
2020-06-01;Сахалинская область;-53.97
2020-06-01;Свердловская область;-29.49
2020-06-01;Смоленская область;9.96
2020-06-01;Ставропольский край;-21.95
2020-06-01;Тамбовская область;14.17
2020-06-01;Тверская область;32.68
2020-06-01;Томская область;-27.42
2020-06-01;Тульская область;20.09
2020-06-01;Тюменская область;-21.16
2020-06-01;Удмуртская Республика;-19.16
2020-06-01;Ульяновская область;1.41
2020-06-01;Хабаровский край;-32.95
2020-06-01;Ханты-Мансийский АО - Югра;-6.69
2020-06-01;Челябинская область;-1.36
2020-06-01;Чеченская Республика;-56.80
2020-06-01;Чувашская Республика;-11.97
2020-06-01;Чукотский АО;2.90
2020-06-01;Ямало-Ненецкий АО;-1.60
2020-06-01;Ярославская область;0.51
2020-07-01;Россия;-3.06
2020-07-01;Адыгея;20.76
2020-07-01;Алтай;4.12
2020-07-01;Алтайский край;3.70
2020-07-01;Амурская область;-11.80
2020-07-01;Архангельская область;-17.66
2020-07-01;Астраханская область;25.66
2020-07-01;Белгородская область;4.76
2020-07-01;Брянская область;-2.25
2020-07-01;Владимирская область;49.61
2020-07-01;Волгоградская область;-8.01
2020-07-01;Вологодская область;-17.34
2020-07-01;Воронежская область;-6.39
2020-07-01;Еврейская автономная область;1.87
2020-07-01;Забайкальский край;-10.91
2020-07-01;Ивановская область;-0.62
2020-07-01;Иркутская область;-18.78
2020-07-01;Кабардино-Балкарская Республика;-8.02
2020-07-01;Калининградская область;23.40
2020-07-01;Калужская область;22.34
2020-07-01;Камчатский край;-11.70
2020-07-01;Кемеровская область;-7.38
2020-07-01;Кировская область;-5.79
2020-07-01;Костромская область;16.70
2020-07-01;Краснодарский край;-5.39
2020-07-01;Красноярский край;-12.70
2020-07-01;Курганская область;-21.59
2020-07-01;Курская область;3.60
2020-07-01;Ленинградская область;-2.31
2020-07-01;Липецкая область;3.82
2020-07-01;Магаданская область;3.68
2020-07-01;Мордовия;9.91
2020-07-01;Москва;-31.89
2020-07-01;Московская область;-27.67
2020-07-01;Мурманская область;-10.92
2020-07-01;Нижегородская область;-7.96
2020-07-01;Новгородская область;6.12
2020-07-01;Новосибирская область;-24.89
2020-07-01;Омская область;-9.84
2020-07-01;Оренбургская область;-38.68
2020-07-01;Орловская область;4.23
2020-07-01;Пензенская область;8.81
2020-07-01;Пермский край;-11.89
2020-07-01;Приморский край;-19.66
2020-07-01;Псковская область;-6.09
2020-07-01;Республика Башкортостан;-6.38
2020-07-01;Республика Бурятия;-1.32
2020-07-01;Республика Дагестан;-7.95
2020-07-01;Республика Ингушетия;-10.05
2020-07-01;Республика Калмыкия;-3.15
2020-07-01;Республика Карачаево-Черкессия;-0.50
2020-07-01;Республика Карелия;22.88
2020-07-01;Республика Коми;-6.07
2020-07-01;Республика Марий Эл;-0.69
2020-07-01;Республика Саха (Якутия);-20.56
2020-07-01;Республика Северная Осетия-Алания;-23.34
2020-07-01;Республика Татарстан;-13.80
2020-07-01;Республика Тыва;-32.44
2020-07-01;Республика Хакасия;5.78
2020-07-01;Ростовская область;10.15
2020-07-01;Рязанская область;25.14
2020-07-01;Самарская область;-8.00
2020-07-01;Санкт-Петербург;-15.03
2020-07-01;Саратовская область;-6.25
2020-07-01;Сахалинская область;-32.55
2020-07-01;Свердловская область;-26.54
2020-07-01;Смоленская область;-1.79
2020-07-01;Ставропольский край;11.77
2020-07-01;Тамбовская область;8.36
2020-07-01;Тверская область;29.18
2020-07-01;Томская область;-14.25
2020-07-01;Тульская область;22.12
2020-07-01;Тюменская область;-17.94
2020-07-01;Удмуртская Республика;-8.33
2020-07-01;Ульяновская область;-1.72
2020-07-01;Хабаровский край;-14.48
2020-07-01;Ханты-Мансийский АО - Югра;-18.45
2020-07-01;Челябинская область;-1.48
2020-07-01;Чеченская Республика;-37.49
2020-07-01;Чувашская Республика;-2.41
2020-07-01;Чукотский АО;2.29
2020-07-01;Ямало-Ненецкий АО;-12.49
2020-07-01;Ярославская область;15.93
2020-08-01;Россия;18.44
2020-08-01;Адыгея;35.06
2020-08-01;Алтай;25.82
2020-08-01;Алтайский край;21.32
2020-08-01;Амурская область;5.75
2020-08-01;Архангельская область;3.92
2020-08-01;Астраханская область;34.96
2020-08-01;Белгородская область;10.98
2020-08-01;Брянская область;8.41
2020-08-01;Владимирская область;72.43
2020-08-01;Волгоградская область;17.18
2020-08-01;Вологодская область;3.33
2020-08-01;Воронежская область;17.65
2020-08-01;Еврейская автономная область;15.54
2020-08-01;Забайкальский край;1.82
2020-08-01;Ивановская область;16.72
2020-08-01;Иркутская область;6.43
2020-08-01;Кабардино-Балкарская Республика;28.23
2020-08-01;Калининградская область;67.13
2020-08-01;Калужская область;33.90
2020-08-01;Камчатский край;33.29
2020-08-01;Кемеровская область;1.34
2020-08-01;Кировская область;10.56
2020-08-01;Костромская область;39.49
2020-08-01;Краснодарский край;22.57
2020-08-01;Красноярский край;4.24
2020-08-01;Курганская область;-9.50
2020-08-01;Курская область;11.37
2020-08-01;Ленинградская область;24.30
2020-08-01;Липецкая область;28.23
2020-08-01;Магаданская область;14.02
2020-08-01;Мордовия;20.47
2020-08-01;Москва;-11.11
2020-08-01;Московская область;-7.96
2020-08-01;Мурманская область;14.24
2020-08-01;Нижегородская область;12.43
2020-08-01;Новгородская область;35.64
2020-08-01;Новосибирская область;-3.12
2020-08-01;Омская область;0.10
2020-08-01;Оренбургская область;-18.44
2020-08-01;Орловская область;18.49
2020-08-01;Пензенская область;26.98
2020-08-01;Пермский край;7.74
2020-08-01;Приморский край;1.83
2020-08-01;Псковская область;13.39
2020-08-01;Республика Башкортостан;5.30
2020-08-01;Республика Бурятия;11.36
2020-08-01;Республика Дагестан;10.25
2020-08-01;Республика Ингушетия;-15.88
2020-08-01;Республика Калмыкия;-1.51
2020-08-01;Республика Карачаево-Черкессия;43.40
2020-08-01;Республика Карелия;64.08
2020-08-01;Республика Коми;-0.45
2020-08-01;Республика Марий Эл;18.88
2020-08-01;Республика Саха (Якутия);-1.14
2020-08-01;Республика Северная Осетия-Алания;-15.38
2020-08-01;Республика Татарстан;9.39
2020-08-01;Республика Тыва;-10.16
2020-08-01;Республика Хакасия;26.90
2020-08-01;Ростовская область;40.38
2020-08-01;Рязанская область;34.87
2020-08-01;Самарская область;26.03
2020-08-01;Санкт-Петербург;33.30
2020-08-01;Саратовская область;11.44
2020-08-01;Сахалинская область;-8.94
2020-08-01;Свердловская область;-5.05
2020-08-01;Смоленская область;9.95
2020-08-01;Ставропольский край;19.13
2020-08-01;Тамбовская область;19.98
2020-08-01;Тверская область;52.54
2020-08-01;Томская область;-1.76
2020-08-01;Тульская область;40.44
2020-08-01;Тюменская область;-4.50
2020-08-01;Удмуртская Республика;17.15
2020-08-01;Ульяновская область;14.58
2020-08-01;Хабаровский край;-0.15
2020-08-01;Ханты-Мансийский АО - Югра;-4.57
2020-08-01;Челябинская область;5.12
2020-08-01;Чеченская Республика;-21.26
2020-08-01;Чувашская Республика;8.61
2020-08-01;Чукотский АО;7.61
2020-08-01;Ямало-Ненецкий АО;-11.83
2020-08-01;Ярославская область;51.77
2020-09-01;Россия;11.66
2020-09-01;Адыгея;27.33
2020-09-01;Алтай;16.15
2020-09-01;Алтайский край;17.05
2020-09-01;Амурская область;16.07
2020-09-01;Архангельская область;-1.43
2020-09-01;Астраханская область;36.79
2020-09-01;Белгородская область;6.54
2020-09-01;Брянская область;-3.26
2020-09-01;Владимирская область;69.39
2020-09-01;Волгоградская область;9.77
2020-09-01;Вологодская область;-5.74
2020-09-01;Воронежская область;13.60
2020-09-01;Еврейская автономная область;11.14
2020-09-01;Забайкальский край;1.25
2020-09-01;Ивановская область;17.31
2020-09-01;Иркутская область;-6.33
2020-09-01;Кабардино-Балкарская Республика;40.04
2020-09-01;Калининградская область;65.84
2020-09-01;Калужская область;13.73
2020-09-01;Камчатский край;28.97
2020-09-01;Кемеровская область;-3.67
2020-09-01;Кировская область;10.81
2020-09-01;Костромская область;33.12
2020-09-01;Краснодарский край;33.10
2020-09-01;Красноярский край;-2.52
2020-09-01;Курганская область;-8.06
2020-09-01;Курская область;5.52
2020-09-01;Ленинградская область;7.75
2020-09-01;Липецкая область;6.61
2020-09-01;Магаданская область;5.99
2020-09-01;Мордовия;13.85
2020-09-01;Москва;-15.48
2020-09-01;Московская область;-4.14
2020-09-01;Мурманская область;22.01
2020-09-01;Нижегородская область;6.17
2020-09-01;Новгородская область;29.00
2020-09-01;Новосибирская область;-2.16
2020-09-01;Омская область;0.36
2020-09-01;Оренбургская область;-15.36
2020-09-01;Орловская область;4.49
2020-09-01;Пензенская область;27.16
2020-09-01;Пермский край;6.77
2020-09-01;Приморский край;-12.61
2020-09-01;Псковская область;9.41
2020-09-01;Республика Башкортостан;1.78
2020-09-01;Республика Бурятия;0.28
2020-09-01;Республика Дагестан;34.56
2020-09-01;Республика Ингушетия;-9.11
2020-09-01;Республика Калмыкия;2.56
2020-09-01;Республика Карачаево-Черкессия;48.03
2020-09-01;Республика Карелия;36.80
2020-09-01;Республика Коми;-0.27
2020-09-01;Республика Марий Эл;4.43
2020-09-01;Республика Саха (Якутия);-2.85
2020-09-01;Республика Северная Осетия-Алания;4.78
2020-09-01;Республика Татарстан;7.47
2020-09-01;Республика Тыва;9.07
2020-09-01;Республика Хакасия;19.25
2020-09-01;Ростовская область;38.41
2020-09-01;Рязанская область;22.11
2020-09-01;Самарская область;9.01
2020-09-01;Санкт-Петербург;14.33
2020-09-01;Саратовская область;6.99
2020-09-01;Сахалинская область;-3.56
2020-09-01;Свердловская область;-9.29
2020-09-01;Смоленская область;2.82
2020-09-01;Ставропольский край;23.22
2020-09-01;Тамбовская область;11.41
2020-09-01;Тверская область;26.78
2020-09-01;Томская область;-8.92
2020-09-01;Тульская область;21.43
2020-09-01;Тюменская область;-6.92
2020-09-01;Удмуртская Республика;-1.15
2020-09-01;Ульяновская область;8.78
2020-09-01;Хабаровский край;-7.53
2020-09-01;Ханты-Мансийский АО - Югра;-0.21
2020-09-01;Челябинская область;-0.35
2020-09-01;Чеченская Республика;-30.21
2020-09-01;Чувашская Республика;0.38
2020-09-01;Чукотский АО;-28.17
2020-09-01;Ямало-Ненецкий АО;-13.54
2020-09-01;Ярославская область;25.66
2020-10-01;Россия;-10.43
2020-10-01;Адыгея;-11.09
2020-10-01;Алтай;-38.14
2020-10-01;Алтайский край;-2.80
2020-10-01;Амурская область;-5.28
2020-10-01;Архангельская область;-22.09
2020-10-01;Астраханская область;5.13
2020-10-01;Белгородская область;-18.22
2020-10-01;Брянская область;-9.96
2020-10-01;Владимирская область;86.14
2020-10-01;Волгоградская область;-11.43
2020-10-01;Вологодская область;-21.76
2020-10-01;Воронежская область;-11.74
2020-10-01;Еврейская автономная область;-12.56
2020-10-01;Забайкальский край;-19.21
2020-10-01;Ивановская область;-8.58
2020-10-01;Иркутская область;-30.69
2020-10-01;Кабардино-Балкарская Республика;7.18
2020-10-01;Калининградская область;19.97
2020-10-01;Калужская область;26.52
2020-10-01;Камчатский край;-4.99
2020-10-01;Кемеровская область;-29.17
2020-10-01;Кировская область;-13.69
2020-10-01;Костромская область;17.80
2020-10-01;Краснодарский край;26.24
2020-10-01;Красноярский край;-23.03
2020-10-01;Курганская область;-38.49
2020-10-01;Курская область;-13.14
2020-10-01;Ленинградская область;-12.30
2020-10-01;Липецкая область;-9.41
2020-10-01;Магаданская область;-66.10
2020-10-01;Мордовия;11.45
2020-10-01;Москва;-53.17
2020-10-01;Московская область;-43.64
2020-10-01;Мурманская область;-1.98
2020-10-01;Нижегородская область;-14.48
2020-10-01;Новгородская область;20.08
2020-10-01;Новосибирская область;-31.96
2020-10-01;Омская область;-27.46
2020-10-01;Оренбургская область;-28.64
2020-10-01;Орловская область;-3.67
2020-10-01;Пензенская область;5.38
2020-10-01;Пермский край;-25.87
2020-10-01;Приморский край;-39.99
2020-10-01;Псковская область;-6.96
2020-10-01;Республика Башкортостан;-23.56
2020-10-01;Республика Бурятия;-29.47
2020-10-01;Республика Дагестан;4.49
2020-10-01;Республика Ингушетия;-23.99
2020-10-01;Республика Калмыкия;-10.30
2020-10-01;Республика Карачаево-Черкессия;3.63
2020-10-01;Республика Карелия;24.59
2020-10-01;Республика Коми;-37.18
2020-10-01;Республика Марий Эл;-15.83
2020-10-01;Республика Саха (Якутия);-27.69
2020-10-01;Республика Северная Осетия-Алания;-9.97
2020-10-01;Республика Татарстан;-12.66
2020-10-01;Республика Тыва;-16.02
2020-10-01;Республика Хакасия;-12.71
2020-10-01;Ростовская область;7.15
2020-10-01;Рязанская область;31.40
2020-10-01;Самарская область;-16.25
2020-10-01;Санкт-Петербург;-16.12
2020-10-01;Саратовская область;-14.92
2020-10-01;Сахалинская область;-17.11
2020-10-01;Свердловская область;-35.51
2020-10-01;Смоленская область;0.57
2020-10-01;Ставропольский край;-8.15
2020-10-01;Тамбовская область;9.43
2020-10-01;Тверская область;33.91
2020-10-01;Томская область;-36.92
2020-10-01;Тульская область;31.82
2020-10-01;Тюменская область;-29.92
2020-10-01;Удмуртская Республика;-25.78
2020-10-01;Ульяновская область;-22.39
2020-10-01;Хабаровский край;-21.36
2020-10-01;Ханты-Мансийский АО - Югра;-26.42
2020-10-01;Челябинская область;-26.20
2020-10-01;Чеченская Республика;-13.01
2020-10-01;Чувашская Республика;-14.08
2020-10-01;Чукотский АО;-53.65
2020-10-01;Ямало-Ненецкий АО;-39.64
2020-10-01;Ярославская область;25.54
2020-11-01;Россия;-23.97
2020-11-01;Адыгея;-21.47
2020-11-01;Алтай;-40.67
2020-11-01;Алтайский край;-7.32
2020-11-01;Амурская область;-6.94
2020-11-01;Архангельская область;-32.00
2020-11-01;Астраханская область;-7.62
2020-11-01;Белгородская область;-27.47
2020-11-01;Брянская область;-28.38
2020-11-01;Владимирская область;60.18
2020-11-01;Волгоградская область;-19.32
2020-11-01;Вологодская область;-33.55
2020-11-01;Воронежская область;-29.81
2020-11-01;Еврейская автономная область;-21.78
2020-11-01;Забайкальский край;-34.62
2020-11-01;Ивановская область;-23.57
2020-11-01;Иркутская область;-36.71
2020-11-01;Кабардино-Балкарская Республика;6.05
2020-11-01;Калининградская область;6.85
2020-11-01;Калужская область;9.95
2020-11-01;Камчатский край;-5.35
2020-11-01;Кемеровская область;-23.85
2020-11-01;Кировская область;-22.02
2020-11-01;Костромская область;-12.96
2020-11-01;Краснодарский край;2.63
2020-11-01;Красноярский край;-33.73
2020-11-01;Курганская область;-41.06
2020-11-01;Курская область;-25.95
2020-11-01;Ленинградская область;-26.78
2020-11-01;Липецкая область;-22.63
2020-11-01;Магаданская область;-65.57
2020-11-01;Мордовия;-8.41
2020-11-01;Москва;-58.48
2020-11-01;Московская область;-49.51
2020-11-01;Мурманская область;-18.57
2020-11-01;Нижегородская область;-32.26
2020-11-01;Новгородская область;2.42
2020-11-01;Новосибирская область;-40.90
2020-11-01;Омская область;-40.85
2020-11-01;Оренбургская область;-34.48
2020-11-01;Орловская область;-19.73
2020-11-01;Пензенская область;-9.35
2020-11-01;Пермский край;-25.99
2020-11-01;Приморский край;-46.40
2020-11-01;Псковская область;-28.83
2020-11-01;Республика Башкортостан;-33.99
2020-11-01;Республика Бурятия;-47.92
2020-11-01;Республика Дагестан;-14.83
2020-11-01;Республика Ингушетия;-19.60
2020-11-01;Республика Калмыкия;-4.99
2020-11-01;Республика Карачаево-Черкессия;-16.04
2020-11-01;Республика Карелия;-3.77
2020-11-01;Республика Коми;-36.77
2020-11-01;Республика Марий Эл;-27.88
2020-11-01;Республика Саха (Якутия);-28.99
2020-11-01;Республика Северная Осетия-Алания;-22.10
2020-11-01;Республика Татарстан;-28.49
2020-11-01;Республика Тыва;-27.23
2020-11-01;Республика Хакасия;-16.13
2020-11-01;Ростовская область;-13.69
2020-11-01;Рязанская область;9.46
2020-11-01;Самарская область;-32.34
2020-11-01;Санкт-Петербург;-34.65
2020-11-01;Саратовская область;-28.51
2020-11-01;Сахалинская область;-24.30
2020-11-01;Свердловская область;-42.01
2020-11-01;Смоленская область;-19.45
2020-11-01;Ставропольский край;-20.23
2020-11-01;Тамбовская область;-15.91
2020-11-01;Тверская область;8.92
2020-11-01;Томская область;-44.78
2020-11-01;Тульская область;7.87
2020-11-01;Тюменская область;-31.32
2020-11-01;Удмуртская Республика;-35.19
2020-11-01;Ульяновская область;-28.42
2020-11-01;Хабаровский край;-35.69
2020-11-01;Ханты-Мансийский АО - Югра;-31.53
2020-11-01;Челябинская область;-29.56
2020-11-01;Чеченская Республика;-12.59
2020-11-01;Чувашская Республика;-26.91
2020-11-01;Чукотский АО;-26.95
2020-11-01;Ямало-Ненецкий АО;-42.41
2020-11-01;Ярославская область;0.15
2020-12-01;Россия;-21.46
2020-12-01;Адыгея;-28.81
2020-12-01;Алтай;-28.76
2020-12-01;Алтайский край;4.14
2020-12-01;Амурская область;-1.39
2020-12-01;Архангельская область;-30.85
2020-12-01;Астраханская область;-14.42
2020-12-01;Белгородская область;-22.26
2020-12-01;Брянская область;-16.93
2020-12-01;Владимирская область;65.38
2020-12-01;Волгоградская область;-16.45
2020-12-01;Вологодская область;-31.08
2020-12-01;Воронежская область;-24.12
2020-12-01;Еврейская автономная область;-14.81
2020-12-01;Забайкальский край;-22.17
2020-12-01;Ивановская область;-27.12
2020-12-01;Иркутская область;-25.66
2020-12-01;Кабардино-Балкарская Республика;7.62
2020-12-01;Калининградская область;2.80
2020-12-01;Калужская область;-4.33
2020-12-01;Камчатский край;8.61
2020-12-01;Кемеровская область;-12.87
2020-12-01;Кировская область;-16.17
2020-12-01;Костромская область;-5.20
2020-12-01;Краснодарский край;10.82
2020-12-01;Красноярский край;-29.15
2020-12-01;Курганская область;-42.45
2020-12-01;Курская область;-24.62
2020-12-01;Ленинградская область;-11.59
2020-12-01;Липецкая область;-15.30
2020-12-01;Магаданская область;-66.57
2020-12-01;Мордовия;-5.39
2020-12-01;Москва;-50.08
2020-12-01;Московская область;-54.85
2020-12-01;Мурманская область;-16.62
2020-12-01;Нижегородская область;-24.01
2020-12-01;Новгородская область;-13.26
2020-12-01;Новосибирская область;-31.83
2020-12-01;Омская область;-34.69
2020-12-01;Оренбургская область;-21.90
2020-12-01;Орловская область;-8.73
2020-12-01;Пензенская область;-2.24
2020-12-01;Пермский край;-18.51
2020-12-01;Приморский край;-36.92
2020-12-01;Псковская область;-38.90
2020-12-01;Республика Башкортостан;-25.17
2020-12-01;Республика Бурятия;-40.17
2020-12-01;Республика Дагестан;-2.60
2020-12-01;Республика Ингушетия;-25.56
2020-12-01;Республика Калмыкия;-9.09
2020-12-01;Республика Карачаево-Черкессия;6.73
2020-12-01;Республика Карелия;-9.73
2020-12-01;Республика Коми;-32.61
2020-12-01;Республика Марий Эл;-20.26
2020-12-01;Республика Саха (Якутия);-22.48
2020-12-01;Республика Северная Осетия-Алания;-14.18
2020-12-01;Республика Татарстан;-24.96
2020-12-01;Республика Тыва;-21.22
2020-12-01;Республика Хакасия;-7.92
2020-12-01;Ростовская область;-14.67
2020-12-01;Рязанская область;7.17
2020-12-01;Самарская область;-22.95
2020-12-01;Санкт-Петербург;-39.35
2020-12-01;Саратовская область;-18.87
2020-12-01;Сахалинская область;-18.39
2020-12-01;Свердловская область;-35.48
2020-12-01;Смоленская область;-11.19
2020-12-01;Ставропольский край;-13.35
2020-12-01;Тамбовская область;-4.03
2020-12-01;Тверская область;7.03
2020-12-01;Томская область;-37.20
2020-12-01;Тульская область;10.28
2020-12-01;Тюменская область;-32.60
2020-12-01;Удмуртская Республика;-22.56
2020-12-01;Ульяновская область;-22.64
2020-12-01;Хабаровский край;-23.67
2020-12-01;Ханты-Мансийский АО - Югра;-31.28
2020-12-01;Челябинская область;-22.44
2020-12-01;Чеченская Республика;-9.21
2020-12-01;Чувашская Республика;-18.71
2020-12-01;Чукотский АО;-0.91
2020-12-01;Ямало-Ненецкий АО;-41.95
2020-12-01;Ярославская область;7.21
2021-01-01;Россия;-4.87
2021-01-01;Адыгея;-16.65
2021-01-01;Алтай;8.48
2021-01-01;Алтайский край;14.78
2021-01-01;Амурская область;-4.80
2021-01-01;Архангельская область;-5.68
2021-01-01;Астраханская область;25.86
2021-01-01;Белгородская область;-4.51
2021-01-01;Брянская область;-12.84
2021-01-01;Владимирская область;35.29
2021-01-01;Волгоградская область;-1.74
2021-01-01;Вологодская область;-9.08
2021-01-01;Воронежская область;-4.36
2021-01-01;Еврейская автономная область;-2.97
2021-01-01;Забайкальский край;2.32
2021-01-01;Ивановская область;-5.00
2021-01-01;Иркутская область;-5.74
2021-01-01;Кабардино-Балкарская Республика;23.16
2021-01-01;Калининградская область;27.98
2021-01-01;Калужская область;2.07
2021-01-01;Камчатский край;37.03
2021-01-01;Кемеровская область;0.21
2021-01-01;Кировская область;-2.33
2021-01-01;Костромская область;7.86
2021-01-01;Краснодарский край;31.23
2021-01-01;Красноярский край;-10.41
2021-01-01;Курганская область;-20.84
2021-01-01;Курская область;-18.21
2021-01-01;Ленинградская область;89.65
2021-01-01;Липецкая область;-0.58
2021-01-01;Магаданская область;-34.36
2021-01-01;Мордовия;-2.75
2021-01-01;Москва;-34.89
2021-01-01;Московская область;-13.52
2021-01-01;Мурманская область;14.90
2021-01-01;Нижегородская область;-14.53
2021-01-01;Новгородская область;9.97
2021-01-01;Новосибирская область;-11.44
2021-01-01;Омская область;-10.01
2021-01-01;Оренбургская область;-0.26
2021-01-01;Орловская область;-7.85
2021-01-01;Пензенская область;1.82
2021-01-01;Пермский край;4.26
2021-01-01;Приморский край;-11.29
2021-01-01;Псковская область;-19.46
2021-01-01;Республика Башкортостан;-5.58
2021-01-01;Республика Бурятия;-27.88
2021-01-01;Республика Дагестан;28.19
2021-01-01;Республика Ингушетия;2.15
2021-01-01;Республика Калмыкия;-4.31
2021-01-01;Республика Карачаево-Черкессия;17.80
2021-01-01;Республика Карелия;19.34
2021-01-01;Республика Коми;-11.47
2021-01-01;Республика Марий Эл;-8.91
2021-01-01;Республика Саха (Якутия);-13.89
2021-01-01;Республика Северная Осетия-Алания;-6.63
2021-01-01;Республика Татарстан;-7.63
2021-01-01;Республика Тыва;-1.02
2021-01-01;Республика Хакасия;6.68
2021-01-01;Ростовская область;2.77
2021-01-01;Рязанская область;1.56
2021-01-01;Самарская область;-6.86
2021-01-01;Санкт-Петербург;-49.86
2021-01-01;Саратовская область;-2.42
2021-01-01;Сахалинская область;7.56
2021-01-01;Свердловская область;-16.17
2021-01-01;Смоленская область;-13.44
2021-01-01;Ставропольский край;10.02
2021-01-01;Тамбовская область;-2.94
2021-01-01;Тверская область;5.60
2021-01-01;Томская область;-16.88
2021-01-01;Тульская область;5.27
2021-01-01;Тюменская область;-15.04
2021-01-01;Удмуртская Республика;-5.81
2021-01-01;Ульяновская область;-2.07
2021-01-01;Хабаровский край;-11.02
2021-01-01;Ханты-Мансийский АО - Югра;-16.44
2021-01-01;Челябинская область;-7.60
2021-01-01;Чеченская Республика;2.28
2021-01-01;Чувашская Республика;-16.53
2021-01-01;Чукотский АО;86.08
2021-01-01;Ямало-Ненецкий АО;-7.75
2021-01-01;Ярославская область;17.67
2021-02-01;Россия;-6.76
2021-02-01;Адыгея;-24.40
2021-02-01;Алтай;7.67
2021-02-01;Алтайский край;15.58
2021-02-01;Амурская область;16.00
2021-02-01;Архангельская область;-7.24
2021-02-01;Астраханская область;-14.37
2021-02-01;Белгородская область;-10.14
2021-02-01;Брянская область;-19.65
2021-02-01;Владимирская область;21.83
2021-02-01;Волгоградская область;-5.90
2021-02-01;Вологодская область;-12.70
2021-02-01;Воронежская область;-9.44
2021-02-01;Еврейская автономная область;-4.36
2021-02-01;Забайкальский край;17.44
2021-02-01;Ивановская область;-19.77
2021-02-01;Иркутская область;13.26
2021-02-01;Кабардино-Балкарская Республика;17.22
2021-02-01;Калининградская область;27.28
2021-02-01;Калужская область;-14.07
2021-02-01;Камчатский край;38.85
2021-02-01;Кемеровская область;9.83
2021-02-01;Кировская область;-5.33
2021-02-01;Костромская область;-5.07
2021-02-01;Краснодарский край;31.86
2021-02-01;Красноярский край;-7.93
2021-02-01;Курганская область;-20.97
2021-02-01;Курская область;-16.02
2021-02-01;Ленинградская область;-23.49
2021-02-01;Липецкая область;-0.53
2021-02-01;Магаданская область;-28.02
2021-02-01;Мордовия;-13.05
2021-02-01;Москва;-1.89
2021-02-01;Московская область;-44.97
2021-02-01;Мурманская область;33.71
2021-02-01;Нижегородская область;-20.33
2021-02-01;Новгородская область;7.72
2021-02-01;Новосибирская область;-9.07
2021-02-01;Омская область;-11.35
2021-02-01;Оренбургская область;-10.18
2021-02-01;Орловская область;-20.06
2021-02-01;Пензенская область;-14.00
2021-02-01;Пермский край;-0.39
2021-02-01;Приморский край;-10.19
2021-02-01;Псковская область;-26.53
2021-02-01;Республика Башкортостан;-8.98
2021-02-01;Республика Бурятия;-23.60
2021-02-01;Республика Дагестан;11.96
2021-02-01;Республика Ингушетия;-0.13
2021-02-01;Республика Калмыкия;-2.84
2021-02-01;Республика Карачаево-Черкессия;14.04
2021-02-01;Республика Карелия;12.41
2021-02-01;Республика Коми;-12.24
2021-02-01;Республика Марий Эл;-21.20
2021-02-01;Республика Саха (Якутия);-3.05
2021-02-01;Республика Северная Осетия-Алания;-8.27
2021-02-01;Республика Татарстан;-10.64
2021-02-01;Республика Тыва;-0.42
2021-02-01;Республика Хакасия;4.44
2021-02-01;Ростовская область;3.04
2021-02-01;Рязанская область;-1.47
2021-02-01;Самарская область;10.34
2021-02-01;Санкт-Петербург;3.52
2021-02-01;Саратовская область;-14.21
2021-02-01;Сахалинская область;11.68
2021-02-01;Свердловская область;-15.72
2021-02-01;Смоленская область;-12.39
2021-02-01;Ставропольский край;8.91
2021-02-01;Тамбовская область;-7.43
2021-02-01;Тверская область;0.27
2021-02-01;Томская область;-17.74
2021-02-01;Тульская область;-8.74
2021-02-01;Тюменская область;-20.97
2021-02-01;Удмуртская Республика;-11.52
2021-02-01;Ульяновская область;4.08
2021-02-01;Хабаровский край;-7.87
2021-02-01;Ханты-Мансийский АО - Югра;-14.06
2021-02-01;Челябинская область;-10.31
2021-02-01;Чеченская Республика;-23.80
2021-02-01;Чувашская Республика;-13.04
2021-02-01;Чукотский АО;51.73
2021-02-01;Ямало-Ненецкий АО;4.72
2021-02-01;Ярославская область;-2.36
2021-03-01;Россия;15.43
2021-03-01;Адыгея;-8.21
2021-03-01;Алтай;33.27
2021-03-01;Алтайский край;29.62
2021-03-01;Амурская область;37.81
2021-03-01;Архангельская область;6.88
2021-03-01;Астраханская область;3.74
2021-03-01;Белгородская область;12.24
2021-03-01;Брянская область;-0.18
2021-03-01;Владимирская область;23.71
2021-03-01;Волгоградская область;9.45
2021-03-01;Вологодская область;10.99
2021-03-01;Воронежская область;8.98
2021-03-01;Еврейская автономная область;4.01
2021-03-01;Забайкальский край;22.56
2021-03-01;Ивановская область;6.92
2021-03-01;Иркутская область;33.68
2021-03-01;Кабардино-Балкарская Республика;51.38
2021-03-01;Калининградская область;111.26
2021-03-01;Калужская область;-5.07
2021-03-01;Камчатский край;67.47
2021-03-01;Кемеровская область;30.25
2021-03-01;Кировская область;14.42
2021-03-01;Костромская область;26.48
2021-03-01;Краснодарский край;58.93
2021-03-01;Красноярский край;9.61
2021-03-01;Курганская область;-6.42
2021-03-01;Курская область;-3.55
2021-03-01;Ленинградская область;36.03
2021-03-01;Липецкая область;4.32
2021-03-01;Магаданская область;-25.89
2021-03-01;Мордовия;4.55
2021-03-01;Москва;27.61
2021-03-01;Московская область;0.97
2021-03-01;Мурманская область;56.40
2021-03-01;Нижегородская область;0.72
2021-03-01;Новгородская область;20.72
2021-03-01;Новосибирская область;10.35
2021-03-01;Омская область;5.98
2021-03-01;Оренбургская область;1.53
2021-03-01;Орловская область;-4.40
2021-03-01;Пензенская область;5.53
2021-03-01;Пермский край;33.51
2021-03-01;Приморский край;12.81
2021-03-01;Псковская область;-10.30
2021-03-01;Республика Башкортостан;10.05
2021-03-01;Республика Бурятия;-6.17
2021-03-01;Республика Дагестан;35.29
2021-03-01;Республика Ингушетия;6.22
2021-03-01;Республика Калмыкия;-0.55
2021-03-01;Республика Карачаево-Черкессия;41.13
2021-03-01;Республика Карелия;27.42
2021-03-01;Республика Коми;10.45
2021-03-01;Республика Марий Эл;-2.35
2021-03-01;Республика Саха (Якутия);29.21
2021-03-01;Республика Северная Осетия-Алания;57.58
2021-03-01;Республика Татарстан;17.34
2021-03-01;Республика Тыва;24.93
2021-03-01;Республика Хакасия;17.69
2021-03-01;Ростовская область;13.21
2021-03-01;Рязанская область;7.60
2021-03-01;Самарская область;11.27
2021-03-01;Санкт-Петербург;33.14
2021-03-01;Саратовская область;11.63
2021-03-01;Сахалинская область;30.01
2021-03-01;Свердловская область;13.22
2021-03-01;Смоленская область;-6.25
2021-03-01;Ставропольский край;37.59
2021-03-01;Тамбовская область;2.49
2021-03-01;Тверская область;5.68
2021-03-01;Томская область;7.34
2021-03-01;Тульская область;2.91
2021-03-01;Тюменская область;-4.40
2021-03-01;Удмуртская Республика;13.77
2021-03-01;Ульяновская область;9.25
2021-03-01;Хабаровский край;8.96
2021-03-01;Ханты-Мансийский АО - Югра;3.73
2021-03-01;Челябинская область;10.35
2021-03-01;Чеченская Республика;15.27
2021-03-01;Чувашская Республика;7.43
2021-03-01;Чукотский АО;78.62
2021-03-01;Ямало-Ненецкий АО;35.10
2021-03-01;Ярославская область;18.88